-- phpMyAdmin SQL Dump
-- version 5.2.1
-- https://www.phpmyadmin.net/
--
-- 主機： 127.0.0.1
-- 產生時間： 2024-03-22 19:51:20
-- 伺服器版本： 10.4.28-MariaDB
-- PHP 版本： 8.0.28

SET SQL_MODE = "NO_AUTO_VALUE_ON_ZERO";
START TRANSACTION;
SET time_zone = "+00:00";


/*!40101 SET @OLD_CHARACTER_SET_CLIENT=@@CHARACTER_SET_CLIENT */;
/*!40101 SET @OLD_CHARACTER_SET_RESULTS=@@CHARACTER_SET_RESULTS */;
/*!40101 SET @OLD_COLLATION_CONNECTION=@@COLLATION_CONNECTION */;
/*!40101 SET NAMES utf8mb4 */;

--
-- 資料庫： `diving`
--

-- --------------------------------------------------------

--
-- 資料表結構 `collect`
--

CREATE TABLE `collect` (
  `id` int(255) NOT NULL,
  `user_id` varchar(255) NOT NULL,
  `product_id` int(255) DEFAULT NULL,
  `lesson_id` int(255) DEFAULT NULL,
  `state` tinyint(1) NOT NULL,
  `create_at` date NOT NULL
) ENGINE=InnoDB DEFAULT CHARSET=utf8mb4 COLLATE=utf8mb4_general_ci;

--
-- 傾印資料表的資料 `collect`
--

INSERT INTO `collect` (`id`, `user_id`, `product_id`, `lesson_id`, `state`, `create_at`) VALUES
(1, '231d0764-1249-4771-b836-391d04359020', NULL, 3, 0, '0000-00-00'),
(2, '231d0764-1249-4771-b836-391d04359020', NULL, 1, 0, '0000-00-00'),
(10, '231d0764-1249-4771-b836-391d04359020', 6, NULL, 0, '2024-03-16'),
(11, '231d0764-1249-4771-b836-391d04359020', 3, NULL, 0, '2024-03-16'),
(12, '231d0764-1249-4771-b836-391d04359020', 8, NULL, 0, '2024-03-16'),
(13, '231d0764-1249-4771-b836-391d04359020', 10, NULL, 0, '2024-03-16'),
(15, '2b91b33a-9aa9-789b-7f6c-ee1ed2f776ff', 2, NULL, 1, '0000-00-00'),
(16, '2b91b33a-9aa9-789b-7f6c-ee1ed2f776ff', 4, NULL, 1, '0000-00-00');

-- --------------------------------------------------------

--
-- 資料表結構 `coupon`
--

CREATE TABLE `coupon` (
  `id` int(11) NOT NULL,
  `name` varchar(50) NOT NULL,
  `code` varchar(50) NOT NULL,
  `sort` varchar(20) NOT NULL,
  `discount` float NOT NULL,
  `rule` int(50) NOT NULL,
  `rule_content` text NOT NULL,
  `start` date DEFAULT NULL,
  `end` date DEFAULT NULL,
  `max_count` int(11) DEFAULT NULL,
  `valid` int(11) NOT NULL
) ENGINE=InnoDB DEFAULT CHARSET=utf8mb4 COLLATE=utf8mb4_unicode_ci;

--
-- 傾印資料表的資料 `coupon`
--

INSERT INTO `coupon` (`id`, `name`, `code`, `sort`, `discount`, `rule`, `rule_content`, `start`, `end`, `max_count`, `valid`) VALUES
(1, '雙11限時搶購｜全站消費滿1111優惠200元', '', '全站優惠', 200, 1111, '・活動時間：11/10-11/13\r\n・全站適用', '2023-11-10', '2023-11-13', NULL, 1),
(2, '雙12優惠｜購買潛水設備滿2100元，優惠112元', 'AOMNPH', '商品優惠', 112, 2100, '', NULL, NULL, NULL, 1),
(3, '新年早鳥限量優惠｜消費滿2024，優惠500元，限量500人', '', '全站優惠', 500, 2024, '・活動時間：12/31 - 1/20', '2023-12-31', '2024-01-20', 500, 1),
(4, '雙人優惠｜潛水課程兩人一起一人半價', '', '課程優惠', 0.75, 5000, '活動時間：2/10-2/20\r\n・限定課程消費使用', '2024-02-10', '2024-02-20', NULL, 1),
(5, '春節課程優惠，消費滿3000優惠9折', 'ML7K3X', '課程優惠', 0.9, 3000, '・有效期間：2/15 - 4/2\r\n・限定購買課程滿3000元，即享9折優惠。\r\n・單筆訂單只能使用一張優惠卷。', '2024-01-15', '2024-04-02', NULL, 1);

-- --------------------------------------------------------

--
-- 資料表結構 `coupon_has`
--

CREATE TABLE `coupon_has` (
  `id` int(11) NOT NULL,
  `coupon_id` int(11) NOT NULL,
  `user_id` varchar(255) NOT NULL,
  `valid` int(11) NOT NULL
) ENGINE=InnoDB DEFAULT CHARSET=utf8mb4 COLLATE=utf8mb4_unicode_ci;

--
-- 傾印資料表的資料 `coupon_has`
--

INSERT INTO `coupon_has` (`id`, `coupon_id`, `user_id`, `valid`) VALUES
(2, 1, '2', 1),
(3, 2, '2', 1),
(4, 1, '3', 1),
(5, 2, '4', 1),
(6, 2, '4', 1),
(7, 4, '3', 1),
(8, 5, '2', 1),
(9, 3, '112529030924285096097', 1),
(10, 3, '2', 1),
(23, 5, '112529030924285096097', 1),
(24, 5, '8bfef1ab-7d5b-4125-8a3d-9f1ff935a4b6', 1),
(25, 5, '2b91b33a-9aa9-789b-7f6c-ee1ed2f776ff', 0),
(26, 2, '2b91b33a-9aa9-789b-7f6c-ee1ed2f776ff', 1);

-- --------------------------------------------------------

--
-- 資料表結構 `event`
--

CREATE TABLE `event` (
  `id` int(11) NOT NULL,
  `title` varchar(50) NOT NULL,
  `sort` varchar(10) NOT NULL,
  `banner` varchar(70) NOT NULL,
  `content` text NOT NULL,
  `created_at` date NOT NULL
) ENGINE=InnoDB DEFAULT CHARSET=utf8mb4 COLLATE=utf8mb4_unicode_ci;

--
-- 傾印資料表的資料 `event`
--

INSERT INTO `event` (`id`, `title`, `sort`, `banner`, `content`, `created_at`) VALUES
(1, '新北｜龍洞2日PADI OW開放水域潛水員證照課程', '潛水相關', '/images/event/lesson6.webp', '在台北也能考取 PADI 開放水域潛水員證照！提供密集式2天課程或較分散的3、4天課程，由專業教練一步步細心指導說明，輕鬆上手無負擔！考取後即可擁有下潛至18公尺深的資格，探索寶島美麗海域，享受湛藍的海洋世界。', '2023-12-04'),
(2, '台東｜綠島免證照一對一潛水體驗', '潛水相關', '/images/event/lesson7.webp', '綠島堪稱台灣潛水天堂，變化多端的海底地形與繁複繽紛的海洋生態，加上平均 30、40 米的能見度，具有世界級之水準，你可以在水裡自在穿梭，邂逅各類魚群悠游於海底，忘卻陸地上的一切煩惱。方案提供全套潛水裝備並由合格專業教練一對一陪同，就算不會游泳的玩家也能安心享受水下美景，透過潛水課、岸邊換裝及技巧複習，完整 2 小時的潛水課程及體驗，帶你欣賞色彩斑斕的奇異珊瑚與不畏生的鮮豔魚群，還有機會邂逅大海龜。方案同時提供水下攝影服務，為你捕捉精彩綠島潛水回憶', '2024-03-17'),
(3, '淨灘活動｜7/01一起來龍洞淨灘！', '海洋環保', '/images/event/clean5.jpeg', '隨著淨灘的人越來越多，也有各種單位發起淨灘活動。那究竟要如何挑選淨灘活動參加？最重要的首先就是，主辦方的理念是不是你所認同的？可以先至主辦方網頁了解組織故事，確認活動中是不是會提供一次性垃圾產品，平時倡議的內容是不是自己所認同的？作為第一步篩選要件。另外既然是淨灘活動，最重要的還有主辦方所挑選的海灘，是不是真的夠髒、需要清理？而這就要看主辦方事前有沒有釋出足夠完整的資訊，讓參與民眾能大致了解海灘地形與情況。除了上述，還有一些判斷標準，像需不需要自備工具？能不能提供志工證明？交通方式該如何抵達？這些都可以是選擇淨灘活動的考量面向。\r\n隨著淨灘的人越來越多，也有各種單位發起淨灘活動。那究竟要如何挑選淨灘活動參加？最重要的首先就是，主辦方的理念是不是你所認同的？可以先至主辦方網頁了解組織故事，確認活動中是不是會提供一次性垃圾產品，平時倡議的內容是不是自己所認同的？作為第一步篩選要件。另外既然是淨灘活動，最重要的還有主辦方所挑選的海灘，是不是真的夠髒、需要清理？而這就要看主辦方事前有沒有釋出足夠完整的資訊，讓參與民眾能大致了解海灘地形與情況。除了上述，還有一些判斷標準，像需不需要自備工具？能不能提供志工證明？交通方式該如何抵達？這些都可以是選擇淨灘活動的考量面向。\r\n隨著淨灘的人越來越多，也有各種單位發起淨灘活動。那究竟要如何挑選淨灘活動參加？最重要的首先就是，主辦方的理念是不是你所認同的？可以先至主辦方網頁了解組織故事，確認活動中是不是會提供一次性垃圾產品，平時倡議的內容是不是自己所認同的？作為第一步篩選要件。另外既然是淨灘活動，最重要的還有主辦方所挑選的海灘，是不是真的夠髒、需要清理？而這就要看主辦方事前有沒有釋出足夠完整的資訊，讓參與民眾能大致了解海灘地形與情況。除了上述，還有一些判斷標準，像需不需要自備工具？能不能提供志工證明？交通方式該如何抵達？這些都可以是選擇淨灘活動的考量面向。', '2023-06-20'),
(4, '淨灘活動｜沒塑去旅行，台中場淨灘', '海洋環保', '/images/event/clean6.jpg.webp', '荒野保護協會自 2004年起，花了許多的人力物力，年年舉辦淨灘活動，帶動減廢行動的風氣。除了努力宣導海廢問題，也關注與海相連結的生態及困境，並藉由倡議行動推廣給更多人，共同關心海洋的一切。今年2023年疫情趨緩，將是大家改變旅行習慣的起點，自備屬於自己的「友善旅遊小包包」，減塑生活再進化，友善旅遊「包」在我身上，將「沒塑去旅行」成化為愛護海洋的首要行動吧！荒野於九月國際淨灘行動，舉行全台串聯淨灘活動，從淨灘中體認垃圾減量的急切性、從淨灘中了解正確處理垃圾的重要性，人人都能成為守護地球環境的一份子。為此希望號召更多關心海洋的朋友，實際了解海洋垃圾的問題，同時手攜手一起加入守護海洋的行列。\r\n荒野保護協會自 2004年起，花了許多的人力物力，年年舉辦淨灘活動，帶動減廢行動的風氣。除了努力宣導海廢問題，也關注與海相連結的生態及困境，並藉由倡議行動推廣給更多人，共同關心海洋的一切。今年2023年疫情趨緩，將是大家改變旅行習慣的起點，自備屬於自己的「友善旅遊小包包」，減塑生活再進化，友善旅遊「包」在我身上，將「沒塑去旅行」成化為愛護海洋的首要行動吧！荒野於九月國際淨灘行動，舉行全台串聯淨灘活動，從淨灘中體認垃圾減量的急切性、從淨灘中了解正確處理垃圾的重要性，人人都能成為守護地球環境的一份子。為此希望號召更多關心海洋的朋友，實際了解海洋垃圾的問題，同時手攜手一起加入守護海洋的行列。\r\n荒野保護協會自 2004年起，花了許多的人力物力，年年舉辦淨灘活動，帶動減廢行動的風氣。除了努力宣導海廢問題，也關注與海相連結的生態及困境，並藉由倡議行動推廣給更多人，共同關心海洋的一切。今年2023年疫情趨緩，將是大家改變旅行習慣的起點，自備屬於自己的「友善旅遊小包包」，減塑生活再進化，友善旅遊「包」在我身上，將「沒塑去旅行」成化為愛護海洋的首要行動吧！荒野於九月國際淨灘行動，舉行全台串聯淨灘活動，從淨灘中體認垃圾減量的急切性、從淨灘中了解正確處理垃圾的重要性，人人都能成為守護地球環境的一份子。為此希望號召更多關心海洋的朋友，實際了解海洋垃圾的問題，同時手攜手一起加入守護海洋的行列。\r\n荒野保護協會自 2004年起，花了許多的人力物力，年年舉辦淨灘活動，帶動減廢行動的風氣。除了努力宣導海廢問題，也關注與海相連結的生態及困境，並藉由倡議行動推廣給更多人，共同關心海洋的一切。今年2023年疫情趨緩，將是大家改變旅行習慣的起點，自備屬於自己的「友善旅遊小包包」，減塑生活再進化，友善旅遊「包」在我身上，將「沒塑去旅行」成化為愛護海洋的首要行動吧！荒野於九月國際淨灘行動，舉行全台串聯淨灘活動，從淨灘中體認垃圾減量的急切性、從淨灘中了解正確處理垃圾的重要性，人人都能成為守護地球環境的一份子。為此希望號召更多關心海洋的朋友，實際了解海洋垃圾的問題，同時手攜手一起加入守護海洋的行列。', '2023-10-20'),
(5, '淨灘活動｜愛海計畫，撿起漂流物', '海洋環保', '/images/event/clean1.webp', '在淨灘的世界裡，不存在「沙灘不淨，誓不回家」這件事。事實上，對於解決海洋廢棄物來說，淨灘的效果是很有限的。我們認為淨灘更重要的意義是環境教育，也因此，淨灘的重點在於如何安全淨灘，並在活動中傳達並落實垃圾源頭減量的理念。寧可撿不乾淨、撿不完，也不應超出能力負荷去撿拾廢棄物。每個人都在安全、合理的狀況下完成淨灘，並在後續的生活落實改變才是最重要的。', '2023-11-00'),
(6, '冬季優惠｜墾丁暖暖海洋，現在報名省1000元', '優惠活動', '/images/event/sale.png', '標題：「冬日暖潮，潛入海底奇境！冬季潛水優惠，暖心驚喜等你來！寒冷的冬季裡，我們為您帶來一場獨特的暖心冒險！不論是初次嘗試還是老手潛水者，我們的冬季潛水優惠將為您帶來難忘的海底體驗。現在，就跟著我們一同潛入冬日的溫暖潮流中，發現海底世界的神秘之處吧！立即預定您的冬季潛水奇遇！準備好迎接冬日暖流，與我們一同探索海底冬季之美。冬日潛水優惠，等您來體驗！', '2023-12-12'),
(7, '早鳥優惠｜限時大優惠，2/12-2/28報名3月潛水，9折起', '優惠活動', '/images/event/sale.png', '親愛的潛水愛好者們，早晨的陽光輕輕灑在海面上，正等待您的到來。為了讓您更早感受大海的獨特魅力，我們推出了限時「早鳥潛水優惠」，讓您在第一縷陽光中開啟一場海底探險！提前預訂的潛水者，贈送限量晨光海底紀念品，讓您留下難忘的潛水回憶。獲得專屬的早鳥潛水證書，驕傲地展示您的早鳥身份。在新的一天，帶著清新的心情，提前感受海底的神秘奇妙。立即預定「早鳥潛水優惠」，讓我們一同在晨光中啟程，探索屬於潛水者的獨特世界！\r\n親愛的潛水愛好者們，早晨的陽光輕輕灑在海面上，正等待您的到來。為了讓您更早感受大海的獨特魅力，我們推出了限時「早鳥潛水優惠」，讓您在第一縷陽光中開啟一場海底探險！提前預訂的潛水者，贈送限量晨光海底紀念品，讓您留下難忘的潛水回憶。獲得專屬的早鳥潛水證書，驕傲地展示您的早鳥身份。在新的一天，帶著清新的心情，提前感受海底的神秘奇妙。立即預定「早鳥潛水優惠」，讓我們一同在晨光中啟程，探索屬於潛水者的獨特世界！\r\n親愛的潛水愛好者們，早晨的陽光輕輕灑在海面上，正等待您的到來。為了讓您更早感受大海的獨特魅力，我們推出了限時「早鳥潛水優惠」，讓您在第一縷陽光中開啟一場海底探險！提前預訂的潛水者，贈送限量晨光海底紀念品，讓您留下難忘的潛水回憶。獲得專屬的早鳥潛水證書，驕傲地展示您的早鳥身份。在新的一天，帶著清新的心情，提前感受海底的神秘奇妙。立即預定「早鳥潛水優惠」，讓我們一同在晨光中啟程，探索屬於潛水者的獨特世界！親愛的潛水愛好者們，早晨的陽光輕輕灑在海面上，正等待您的到來。為了讓您更早感受大海的獨特魅力，我們推出了限時「早鳥潛水優惠」，讓您在第一縷陽光中開啟一場海底探險！提前預訂的潛水者。\r\n親愛的潛水愛好者們，早晨的陽光輕輕灑在海面上，正等待您的到來。為了讓您更早感受大海的獨特魅力，我們推出了限時「早鳥潛水優惠」，讓您在第一縷陽光中開啟一場海底探險！提前預訂的潛水者，贈送限量晨光海底紀念品，讓您留下難忘的潛水回憶。獲得專屬的早鳥潛水證書，驕傲地展示您的早鳥身份。在新的一天，帶著清新的心情，提前感受海底的神秘奇妙。立即預定「早鳥潛水優惠」，讓我們一同在晨光中啟程，探索屬於潛水者的獨特世界！', '2024-02-11'),
(8, '雙人優惠｜限時雙人優惠，雙雙享受海底之美！', '優惠活動', '/images/event/sale.png', '冒險者們，現在是一場浪漫的潛水冒險開啟的時刻！我們特別為您和摯愛準備了一場雙人潛水奇遇，讓您倆共同沉浸在海底的神秘世界，一同譜寫屬於您們的海底戀曲。活動當天，專業攝影師為您們捕捉浪漫時刻，贈送美麗潛水照片一套。兩人同行報名，每位參與者均可額外獲得 20% 折扣。雙人團隊更有專屬教練全程陪同，確保您們的潛水之旅更加安心暢快。', '2023-07-10'),
(9, '淨灘活動｜海岸保衛者計劃', '海洋環保', '/images/event/clean2.jpg.webp', '任何一次淨灘的本意應該都是「移除大量推積的人造垃圾、讓海岸恢復原本的樣貌」，因此應選擇在汙染最嚴重的海岸舉辦。台灣本島海岸人造廢棄物的汙染程度依序是：特定離島＞河川出海口兩側＞無人居住處＞人口密集處＞熱門觀光景點。暴雨、大浪、洋流與季風也會帶來更多的海漂垃圾，一場颱風會把陸地積怨已深的廢棄物全部沖向海洋，因此颱風過後是舉辦淨灘的好時機。', '2024-01-31'),
(10, '海廢藝術｜廢物再利用，讓撿到的垃圾再重生', '海洋環保', '/images/event/clean3.jpeg', '探索大自然，一天活動體驗！上午騎車遊覽風光明媚的沿海地帶，一同加入淨灘行動，發現海洋世界的秘密。中午為大家準備好吃蔬食，以隨喜的方式表達對廚師及食物的感謝下午參與有趣的海洋廢棄物遊戲，以輕鬆互動方式認識環境議題。只需200元，享受一日盡情探索！', '2024-02-15'),
(11, '澎湖潛水｜興仁潛水 - 體驗潛水', '潛水相關', '/images/event/lesson4.webp', '現折TWD100！台版夏威夷體驗潛水原價TWD2,500，限時特價只要TWD2,399！無證照、不會游泳也可輕鬆參加，探索繽紛海底世界。專業教練全程安心陪伴，教授實用潛水知識與技巧。現場加購TWD80海底明信片，用最獨特的方式寄情遠方親友。跟上今夏最夯的潛水熱潮，體驗水中無重力漂浮新感受！\r\n現折TWD100！台版夏威夷體驗潛水原價TWD2,500，限時特價只要TWD2,399！無證照、不會游泳也可輕鬆參加，探索繽紛海底世界。專業教練全程安心陪伴，教授實用潛水知識與技巧。現場加購TWD80海底明信片，用最獨特的方式寄情遠方親友。跟上今夏最夯的潛水熱潮，體驗水中無重力漂浮新感受！\r\n現折TWD100！台版夏威夷體驗潛水原價TWD2,500，限時特價只要TWD2,399！無證照、不會游泳也可輕鬆參加，探索繽紛海底世界。專業教練全程安心陪伴，教授實用潛水知識與技巧。現場加購TWD80海底明信片，用最獨特的方式寄情遠方親友。跟上今夏最夯的潛水熱潮，體驗水中無重力漂浮新感受！', '2023-02-23'),
(12, '淨灘活動｜愛海洋也要愛自己', '海洋環保', '/images/event/clean4.webp', '熱愛大海的你，享受著海洋給予的美好，慢步在細軟的沙灘，每一段與海洋的記憶，都豐富著我們的生活與生命。相信愛海的你，必定希望能永遠享有這樣的美景。在海邊遊玩的同時，不只帶走自己的垃圾，並舉手之勞撿起沙灘上的垃圾。對旅客而言也許只是小小的一公斤，而對荒野與海洋來說，卻是個重要行動與監測數據。到海邊遊玩時，跟著愛海三步驟，讓旅行更具意義：線上揪團→上傳淨灘成果→分享照片。', '2023-10-03'),
(13, '潛水淨海｜一起到海裡清掃海龜和魚的家', '海洋環保', '/images/event/clean8.webp', '深度走訪不一樣的恆春在地之美，恆春半島慢慢遊、海人視界、淨海、淨灘...將海洋帶入你的生活，將恆春帶入你的生活。比一般休閒潛水的學員多花大約8支氣瓶的時間，對淨海所需要的中性浮力等技能加強訓練，最後要參加過5場淨海活動，才能正式成為潛水隊的一員，陸續有老師、護理師、工程師等各行各業的朋友報名，雖然訓練過程不簡單，但期待可以將愛護海洋的行為，培養成一種最潮的日常習慣。無論有沒有潛水證照，只要有心加入日月光潛水隊，歡迎和合作單位聯繫」。', '2023-09-28'),
(14, '三仙台｜潛水淨海工作假期', '潛水相關', '/images/event/lesson2.webp', '為推廣東海岸亮點潛點，並結合向海致敬鼓勵民眾「進海」之政策目標，於 111 年 6 月 7 9 日邀請國內珊 礁領域權威戴昌鳳教授、海生館研究員王立雪、楊東霖；水下攝影師楊啟泰；旅遊部落客三小 a ；潛水業者東河潛水、台灣潛水及海洋芒果潛水等 10 位各領域專業人士，參加「三仙台潛水淨海工作假期」。內容包含基翬漁港淨海、三仙台深潛探訪大海扇等。活動最終日 (6月 9 日 於本處都歷遊客中心辦理分享會，與會人士發表對三仙台潛點物種觀察心得、潛水觀光發展建議及未來可延伸之合作計畫等，以精采影像呈現三天兩夜活動成果。', '2024-02-12'),
(15, '小琉球｜浮潛體驗與海龜共遊｜多人同行優惠', '潛水相關', '/images/event/lesson5.webp', '不會游泳也能找尋小琉球的明星，一起玩轉小琉球海龜棲地。近距離欣賞在海中穿梭的魚群、海龜，以及五彩斑斕的珊瑚，跟著教練探索台灣珊瑚礁島，體驗最簡單的水上活動項目。使用業界最高規格TG6+廣角相機記錄每一瞬間，參加人數越多享有優惠更多!!', '2023-08-28'),
(16, '台東綠島｜海灣潛水中心｜PADI OW初階開放水域課程', '潛水相關', '/images/event/lesson1.jpeg', '專業風趣的教練全程安全陪伴，提供紮實的潛水課程訓練，小班制教學，隨時解答課程疑問。交通方便，近島上熱鬧景點，提供飲料、點心、毛巾、衛浴設施。PADI國際潛水機構認證之潛水度假村（S-27583）', '2023-09-15'),
(17, '潛水淨海｜我愛海洋~淨灘淨海活動', '海洋環保', '/images/event/clean9.webp', '新北市環保局長程大維表示，為展現潔淨海洋決心，此次結合民間資源共同清理海洋環境，具備潛水證照之民眾只要至「淨海合作社」加入潛海戰將，即可免費借用設備進行潛水，既能免費享受潛水的樂趣，也可一同為海洋環境付出，落實「愛海親海、想淨就淨」之理念，希望藉由這次合作，在未來吸引更多人投入淨海活動，留給下一代美麗湛藍的海洋。', '2023-06-29'),
(18, '跨年潛水優惠｜海底新年，潛心迎接嶄新的一年！', '優惠活動', '/images/event/sale.png', '新年即將來臨，讓我們一同跨越時光，潛入海的懷抱中，迎接全新的一年。為了讓您的新年更加特別，我們帶來了獨一無二的「跨年潛水優惠」，讓您在海底感受到嶄新的可能性，與深海一同迎接2025的到來！', '2023-12-15'),
(19, '屏東｜墾丁海世界潛水｜體驗潛水・OW潛水員課程', '潛水相關', '/images/event/lesson3.webp', '教練專業細心指導帶領，不會游泳也可以參加，墾丁海域全年都適合潛水活動。探索海底珊瑚礁以及繽紛魚群，有機會和海龜、鰏魟不期而遇。', '2023-07-07'),
(20, '淨海活動｜與我們一同守護蔚藍家園', '海洋環保', '/images/event/clean7.jpeg', '隨著海洋生態系統的變遷，我們意識到淨海的重要性。每一片潔淨的海域都是生態的樂土，而您的參與，是保護這片蔚藍家園的第一步。讓我們攜手展開淨海行動，以實際的行動守護我們珍愛的海洋。淨海使者，您的參與至關重要！透過參與淨海聯誼，結識更多有心淨海的夥伴，共同經歷淨海的樂趣。\r\n隨著海洋生態系統的變遷，我們意識到淨海的重要性。每一片潔淨的海域都是生態的樂土，而您的參與，是保護這片蔚藍家園的第一步。讓我們攜手展開淨海行動，以實際的行動守護我們珍愛的海洋。淨海使者，您的參與至關重要！透過參與淨海聯誼，結識更多有心淨海的夥伴，共同經歷淨海的樂趣。\r\n隨著海洋生態系統的變遷，我們意識到淨海的重要性。每一片潔淨的海域都是生態的樂土，而您的參與，是保護這片蔚藍家園的第一步。讓我們攜手展開淨海行動，以實際的行動守護我們珍愛的海洋。淨海使者，您的參與至關重要！透過參與淨海聯誼，結識更多有心淨海的夥伴，共同經歷淨海的樂趣。\r\n隨著海洋生態系統的變遷，我們意識到淨海的重要性。每一片潔淨的海域都是生態的樂土，而您的參與，是保護這片蔚藍家園的第一步。讓我們攜手展開淨海行動，以實際的行動守護我們珍愛的海洋。淨海使者，您的參與至關重要！透過參與淨海聯誼，結識更多有心淨海的夥伴，共同經歷淨海的樂趣。', '2023-09-15');

-- --------------------------------------------------------

--
-- 資料表結構 `lesson`
--

CREATE TABLE `lesson` (
  `id` int(11) NOT NULL,
  `tag` varchar(512) DEFAULT NULL,
  `info` varchar(512) DEFAULT NULL,
  `title` varchar(512) DEFAULT NULL,
  `features` varchar(512) DEFAULT NULL,
  `price` int(11) DEFAULT NULL,
  `content` varchar(512) DEFAULT NULL,
  `processDetail` varchar(512) DEFAULT NULL,
  `time` varchar(512) DEFAULT NULL,
  `LV` varchar(512) DEFAULT NULL,
  `location` varchar(512) DEFAULT NULL,
  `locationDetail` varchar(512) DEFAULT NULL,
  `img` varchar(255) NOT NULL,
  `date` date NOT NULL,
  `herf` varchar(255) NOT NULL
) ENGINE=InnoDB DEFAULT CHARSET=utf8mb4 COLLATE=utf8mb4_general_ci;

--
-- 傾印資料表的資料 `lesson`
--

INSERT INTO `lesson` (`id`, `tag`, `info`, `title`, `features`, `price`, `content`, `processDetail`, `time`, `LV`, `location`, `locationDetail`, `img`, `date`, `herf`) VALUES
(1, '體驗潛水', '曾經想過在水中呼吸是什麼感覺嗎？潛入墾丁海洋世界被熱帶魚群包圍的感覺又是什麼呢？ 沒有潛水執照但想要探索海底的美? 半天的專業體驗潛水課程, 可以讓你試試潛水初體驗', 'PADI 體驗潛水課程', '小班制，最多一教練對兩個學生,完整課程教學，提供蛙鞋游動。課程3-4小時，讓你盡情玩樂,提供拍照服務', 2500, '針對沒有執照的潛水員，我們提供的體驗潛水是依照PADI的教學方式，有別於其他墾丁潛水中心的方式，我們充分讓參加者慢慢地適應並練習技巧，也會讓你們使用蛙鞋游動，感受無重力的感覺。', '先在教室內做知識發展，讓你們了解水的壓力, 潛水時身體的變化, 裝備介紹及基本技巧,到海灘, 在淺水區練習水下基本技巧,適應後我們會下潛至最深12米探索海底的美景, 水下時間約40分鐘, 全程約需3~4小時', 'AM,PM', '初階', '墾丁', '屏東縣恆春鎮大光路85-5號', 'lesson_img_1,lesson_img_2,lesson_img_3', '2024-03-19', 'http://localhost:3000/lesson/1'),
(2, '體驗潛水', '想探套海底的美麗世界嗎？不知道適不適合學潛水嗎？來一趟潛水之旅吧！', '海底體驗潛水活動', '專業教練一對一教練帶領,水肺體驗潛水課程講解手勢及注意配合動作。,水肺裝備全套使用＋活動照片或影片留念＋簡便沖洗與更換衣物。', 2600, '綠島是世界級海底世界，整片海底珊瑚群與熱帶魚群共舞，讓你享受渡假與大海第一次接觸，走吧跟我們一起參加海體底體驗潛水，輕鬆方式專業教練一對一指導帶領，與穿上潛水裝備體驗讓我們在海底游動的感覺，不會游泳的也可以安心享受海底美景，親眼目睹水底世界生物的種種樂趣。', '預約好的時段報到：極光潛水中心教室填寫報到個人相關保險資料填寫。,水肺教練講解：準備裝備/面鏡＋呼吸管或蛙鞋，依客人需求配置適當的裝備 ，活動時需注意事項等說明。,適應後我們會下潛至最深12米探索海底的美景, 水下時間約40分鐘, 全程約需3~4小時', 'AM,PM', '初階', '墾丁', '屏東縣恆春鎮南灣路467號', 'lesson_img_4,lesson_img_5,lesson_img_6', '2024-03-18', 'http://localhost:3000/lesson/2'),
(3, '體驗潛水', '曾經想過在水中呼吸是什麼感覺嗎？潛入墾丁海洋世界被熱帶魚群包圍的感覺又是什麼呢？ 沒有潛水執照但想要探索海底的美? 半天的專業體驗潛水課程, 可以讓你試試潛水初體驗', 'PADI 體驗潛水課程', '小班制，最多一教練對兩個學生,完整課程教學，提供蛙鞋游動。課程3-4小時，讓你盡情玩樂,提供拍照服務', 2500, '針對沒有執照的潛水員，我們提供的體驗潛水是依照PADI的教學方式，有別於其他墾丁潛水中心的方式，我們充分讓參加者慢慢地適應並練習技巧，也會讓你們使用蛙鞋游動，感受無重力的感覺。', '預約好的時段報到：極光潛水中心教室填寫報到個人相關保險資料填寫。,水肺教練講解：準備裝備/面鏡＋呼吸管或蛙鞋，依客人需求配置適當的裝備 ，活動時需注意事項等說明。,適應後我們會下潛至最深12米探索海底的美景, 水下時間約40分鐘, 全程約需3~4小時', 'AM,PM', '初階', '墾丁', '屏東縣恆春鎮南灣路467號', 'lesson_img_7,lesson_img_8,lesson_img_9', '2024-03-18', 'http://localhost:3000/lesson/3'),
(4, '體驗潛水', '曾經想過在水中呼吸是什麼感覺嗎？潛入墾丁海洋世界被熱帶魚群包圍的感覺又是什麼呢？ 沒有潛水執照但想要探索海底的美? 半天的專業體驗潛水課程, 可以讓你試試潛水初體驗', '岸潛體驗潛水', '小班制，最多一教練對兩個學生,可折抵課程費用$2000,提供拍照服務', 2500, '你想要置身於色彩繽紛，蔚為奇觀的海底世界嗎？你想要更近距離的接觸美麗的海洋生物嗎？您不一定要成為一個合格的水肺潛水員也可以快樂的體驗，由通過國際認證合格潛水教練指導，親身體驗探索海底世界神奇與美妙潛水新體驗，證讓你這趟海底之旅永身難忘。', '室內講解裝備使用練習及水下手勢溝通,換裝出發海邊,平靜水域淺水區練習（水深及腰處）,前往大海探索海底世界與可愛的海龜合照,回到店裡進行盥洗更衣', 'AM,PM', '初階', '墾丁', '屏東縣恆春鎮南灣路467號', 'lesson_img_10,lesson_img_11,lesson_img_12', '2024-03-18', 'http://localhost:3000/lesson/4'),
(5, '體驗潛水', '曾經想過在水中呼吸是什麼感覺嗎？潛入墾丁海洋世界被熱帶魚群包圍的感覺又是什麼呢？ 沒有潛水執照但想要探索海底的美? 半天的專業體驗潛水課程, 可以讓你試試潛水初體驗', '海底體驗潛水活動', '小班制，最多一教練對兩個學生,可折抵課程費用$2000,提供拍照服務', 2500, '你想要置身於色彩繽紛，蔚為奇觀的海底世界嗎？你想要更近距離的接觸美麗的海洋生物嗎？您不一定要成為一個合格的水肺潛水員也可以快樂的體驗，由通過國際認證合格潛水教練指導，親身體驗探索海底世界神奇與美妙潛水新體驗，證讓你這趟海底之旅永身難忘。', '室內講解裝備使用練習及水下手勢溝通,換裝出發海邊,平靜水域淺水區練習（水深及腰處）,前往大海探索海底世界與可愛的海龜合照,回到店裡進行盥洗更衣', 'AM,PM', '初階', '小琉球', '屏東縣恆春鎮南灣路467號', 'lesson_img_13,lesson_img_14,lesson_img_15', '2024-03-18', 'http://localhost:3000/lesson/5'),
(6, '體驗潛水', '曾經想過在水中呼吸是什麼感覺嗎？潛入墾丁海洋世界被熱帶魚群包圍的感覺又是什麼呢？ 沒有潛水執照但想要探索海底的美? 半天的專業體驗潛水課程, 可以讓你試試潛水初體驗', 'PADI 進階潛水員課程', '課程預約，沒有固定開課時間，預約彼此有空時間就可以上課,加強中性浮力技巧。我們獨有的教學方式可以協助潛水員有效的控制中性浮力,可以選擇有興趣的專長。,增進水底導航技巧，使潛水員在水下更有自信', 12500, 'CTdiver的進階開放水域課程需要3天時間, 通常我們會建議有15次以上潛水經驗後再上進階課程。課程包含5個專長共五次以上潛水次數，視潛水員表現增加潛水次數。須達到標準才發予證照。', '第一天, 進行頂尖中性浮力專長同時做一個測潛, 先進行知識發展, 然後一個開放水域的岸潛. (頂尖中性浮力 或 其他專長選修),第二天上午, 進行導航專長, 完成知識發展, 及兩個開放水域岸潛, 了解自然地形導航及指北針導航. 下午進行深潛, 船潛及夜潛的知識發展, 晚上進行一次開放水域岸潛夜潛. (水中導航 與 其他專長),第三天上午, 進行深潛與船潛, 兩次的開放水域船潛，因船潛需要至少四位潛水員, 如果當天未滿四位, 我們會以岸潛的方式進行深潛.(深潛專長 與 其他專長)', 'AM,PM', '中階', '墾丁', '屏東縣恆春鎮大光路85-5號', 'lesson_img_16,lesson_img_17,lesson_img_18', '2024-03-18', 'http://localhost:3000/lesson/6'),
(7, '專業科目', '曾經在潛水時遇到狀況不知道該如何處理嗎？想學習更多排除問題與幫助潛伴的知識與技巧嗎？', '救援潛水員', 'EFR課程+救援潛水員課程費用 NT$15,000(原價$17,000)。包含：救援潛水員與EFR教材與簽證、裝備氣瓶使用、泳池門票。,如已有有效的急救證照或護理(醫)師且無須進行EFR課程。救援潛水員課程費用NT$13,000,EFR+緊急供氧+救援潛水員課程費用 NT$18,500(原價$21,000)', 12500, 'CTdiver 提供PADI的救援潛水員課程含EFR第一緊急救護課程套裝, 我們會建議學生有40次以上的潛水經驗為佳。課程進行EFR課程，及救援潛水員課程。透過情境演練救援有反應或無反應的潛水員。', '第一天：上午進行EFR課程，內容包含：模擬情節討論、CPR與AED的練習、急救包紮練習。 下午進行救援潛水員的知識發展。,第二天：平靜水域操作10個模擬情境的技巧練習。,第三天：開放水域操作2個模擬情境技巧練習。下午進行救援與EFR的考試與檢討並且提交一份緊急救援計畫。', 'AM,PM', '高階', '墾丁', '屏東縣恆春鎮大光路85-5號', 'lesson_img_19,lesson_img_20,lesson_img_21', '2024-03-18', 'http://localhost:3000/lesson/7'),
(8, '專業科目', '開放水域課程後有半年以上時間沒潛水了嗎? 或是有長時間沒有持續潛水而對於技巧生疏?水肺複習課程可以讓你再啟動對大海的熱情，只需要大約半天的時間進行知識及技巧的複習', 'PADI 水肺複習課程', '知識複習,裝備組裝及拆解,技巧複習 (平靜水域練習)。教練或與你討論需要練習的技巧，及練習較重要的技巧，例如:中性浮力', 3500, 'CTdiver 提供PADI的救援潛水員課程含EFR第一緊急救護課程套裝, 我們會建議學生有40次以上的潛水經驗為佳。課程進行EFR課程，及救援潛水員課程。透過情境演練救援有反應或無反應的潛水員。', '課程時間:大約半天 4 小時, 複習過往的課程', 'AM,PM', '高階', '墾丁', '屏東縣恆春鎮大光路85-5號', 'lesson_img_22,lesson_img_23,lesson_img_24', '2024-03-18', 'http://localhost:3000/lesson/8'),
(9, '專業科目', '是否嚮往在海邊工作呢？或想帶領更多人認識海洋世界？潛水長執照是PADI的第一張專業潛水員執照, 讓你可以在世界各地的潛水中心工作', 'PADI潛水長課程', '知識發展（教室課）,水中技巧練習，包含：400公尺游泳、15分鐘踩水、800公尺輕裝游泳​​​​​​、100公尺無意識潛水員拖帶、裝備互換、潛水員救援練習。,24項潛水技巧工作坊,5項實際技巧應用,5項潛水長執行課程工作坊,4項實際評估實習課程', 32000, 'PADI潛水長課程是成為專業人士的門檻，對於想在海邊工作或熱愛海洋世界，想把這份美麗帶給更多人認識的你，不仿是個好選擇。', '知識發展（教室課）,水中技巧練習，包含：400公尺游泳、15分鐘踩水、800公尺輕裝游泳​​​​​​、100公尺無意識潛水員拖帶、裝備互換、潛水員救援練習。,24項潛水技巧工作坊,5項實際技巧應用,5項潛水長執行課程工作坊,4項實際評估實習課程', 'AM,PM', '高階', '墾丁', '屏東縣恆春鎮大光路85-5號', 'lesson_img_25,lesson_img_26,lesson_img_27', '2024-03-16', 'http://localhost:3000/lesson/9');

-- --------------------------------------------------------

--
-- 資料表結構 `map`
--

CREATE TABLE `map` (
  `id` int(4) NOT NULL,
  `name` varchar(20) NOT NULL,
  `image` varchar(50) NOT NULL,
  `station_id` varchar(10) NOT NULL
) ENGINE=InnoDB DEFAULT CHARSET=utf8mb4 COLLATE=utf8mb4_general_ci;

--
-- 傾印資料表的資料 `map`
--

INSERT INTO `map` (`id`, `name`, `image`, `station_id`) VALUES
(1, '墾丁', 'kt.jpg', '46759A'),
(2, '綠島', 'gi.jpg', 'WRA007'),
(3, '蘭嶼', 'oi.jpg', 'C6S94'),
(4, '東部海岸', 'ec.jpg', '46699A'),
(5, '澎湖海域', 'ph1.jpg,ph2.jpg,ph3.jpg', '46735A'),
(6, '東沙環礁', 'da.jpg', 'C6V27'),
(7, '東北角', 'nc.jpg', '46694A'),
(8, '小琉球', 'lk.jpeg', '46714D');

-- --------------------------------------------------------

--
-- 資料表結構 `map_about`
--

CREATE TABLE `map_about` (
  `id` int(11) NOT NULL,
  `map_id` int(4) NOT NULL,
  `name` varchar(10) NOT NULL,
  `image` varchar(50) NOT NULL
) ENGINE=InnoDB DEFAULT CHARSET=utf8mb4 COLLATE=utf8mb4_general_ci;

--
-- 傾印資料表的資料 `map_about`
--

INSERT INTO `map_about` (`id`, `map_id`, `name`, `image`) VALUES
(1, 1, '石珠', 'kt_1.jpg'),
(2, 1, '萬里桐-海扇區', 'kt_2.jpg'),
(3, 1, '山海-赤筆仔礁', 'kt_3.jpg'),
(4, 1, '紅柴坑', 'kt_4.jpg'),
(5, 1, '合界-沈船', 'kt_5.jpg'),
(6, 1, '頂白沙', 'kt_6.jpg'),
(7, 1, '貓鼻頭-南海洞', 'kt_7.jpg'),
(8, 1, '雷打石', 'kt_8.jpg'),
(9, 1, '一線天', 'kt_9.jpg'),
(10, 1, '出水口', 'kt_10.jpg'),
(11, 1, '後壁湖-軟珊瑚區', 'kt_11.jpg'),
(12, 1, '後壁湖-雀屏珊瑚區', 'kt_12.jpg'),
(13, 1, '眺石', 'kt_13.jpg'),
(14, 1, '南灣 三腳町', 'kt_14.jpg'),
(15, 1, '獨立礁', 'kt_15.jpg'),
(16, 1, '大咾咕-斜坡', 'kt_16.jpg'),
(17, 1, '小咾咕-斷層', 'kt_17.jpg'),
(18, 1, '雙峰藍洞', 'kt_18.jpg'),
(19, 1, '香蕉灣', 'kt_19.jpg'),
(20, 1, '沙島', 'kt_20.jpg'),
(21, 2, '大香菇', 'gi_1.jpg'),
(22, 2, '電桿礁', 'gi_2.jpg'),
(23, 2, '六米礁', 'gi_3.jpg'),
(24, 2, '龜灣鼻_白鞭林', 'gi_4.jpg'),
(25, 2, '雞仔礁', 'gi_5.jpg'),
(26, 3, '八代灣沈船', 'oi_1.jpg'),
(27, 3, '機場外礁', 'oi_2.jpg'),
(28, 3, '椰油斷層', 'oi_3.jpg'),
(29, 3, '開元港園鰻區', 'oi_4.jpg'),
(30, 3, '藍洞', 'oi_5.jpg'),
(31, 4, '杉原北側', 'ec_1.jpg'),
(32, 4, '基翬港北側', 'ec_2.jpg'),
(33, 4, '基翬港南側', 'ec_3.jpg'),
(34, 4, '新蘭港南側', 'ec_4.jpg'),
(35, 4, '石梯坪', 'ec_5.jpg'),
(36, 5, '員貝淺礁區', 'ph_1.jpg,ph_1_1.jpg'),
(37, 5, '姑婆嶼', 'ph_2.jpg,ph_2_1.jpg'),
(38, 5, '山水', 'ph_3.jpg'),
(39, 5, '青灣', 'ph_4.jpg'),
(40, 5, '風櫃內灣', 'ph_5.jpg'),
(41, 6, '珊瑚城堡', 'da_1.jpg'),
(42, 6, '沙丘海草床', 'da_2.jpg'),
(43, 6, '檸檬鯊淺礁區', 'da_3.jpg'),
(44, 6, '淺海石城區', 'da_4.jpg'),
(45, 6, '膜形盤珊瑚區', 'da_5.jpg'),
(46, 7, '和美國小', 'nc_1.jpg'),
(47, 7, '82.5K', 'nc_2.jpg'),
(48, 7, '水晶宮', 'nc_3.jpg'),
(49, 7, '海建號 ', 'nc_4.jpg'),
(50, 8, '大福西', 'lk_1.jpg'),
(51, 8, '龍蝦洞', 'lk_2.jpg'),
(52, 8, '破沈船', 'lk_3.jpg'),
(53, 8, '電桿礁', 'lk_4.jpg'),
(54, 8, '花瓶岩', 'lk_5.png');

-- --------------------------------------------------------

--
-- 資料表結構 `order`
--

CREATE TABLE `order` (
  `id` varchar(255) NOT NULL COMMENT 'UUID',
  `user_id` varchar(255) NOT NULL,
  `total_price` int(11) DEFAULT NULL,
  `transaction_id` varchar(255) DEFAULT NULL,
  `payment` varchar(255) DEFAULT NULL COMMENT 'LINE Pay, 信用卡, ATM',
  `shipping` varchar(255) DEFAULT NULL COMMENT '7-11, Family Mart, Hi-Life, OK Mart, 郵局, 宅配',
  `used_coupon` varchar(255) NOT NULL,
  `status` varchar(255) DEFAULT NULL COMMENT 'pending, paid, fail, cancel, error',
  `order_info` text DEFAULT NULL COMMENT 'send to line pay',
  `reservation` text DEFAULT NULL COMMENT 'get from line pay',
  `confirm` text DEFAULT NULL COMMENT 'confirm from line pay',
  `return_code` varchar(255) DEFAULT NULL,
  `created_at` datetime NOT NULL,
  `receiver` varchar(255) NOT NULL,
  `credit_card` varchar(255) NOT NULL,
  `order_note` varchar(255) DEFAULT NULL
) ENGINE=InnoDB DEFAULT CHARSET=utf8 COLLATE=utf8_general_ci;

--
-- 傾印資料表的資料 `order`
--

INSERT INTO `order` (`id`, `user_id`, `total_price`, `transaction_id`, `payment`, `shipping`, `used_coupon`, `status`, `order_info`, `reservation`, `confirm`, `return_code`, `created_at`, `receiver`, `credit_card`, `order_note`) VALUES
('01a32e8c-20d9-46fd-8404-87591f1e2f86', '2b91b33a-9aa9-789b-7f6c-ee1ed2f776ff', 10050, NULL, '取貨付款', '宅配', '', '建立成功', NULL, NULL, NULL, NULL, '2024-03-12 16:24:30', '{\"name\":\"劉德華\",\"phone\":\"0922222222\",\"address\":\"cc路199號\"}', '', ''),
('0bc5829e-3d2a-411f-81cd-30d7c95b6c2a', '2b91b33a-9aa9-789b-7f6c-ee1ed2f776ff', 10050, NULL, '取貨付款', '宅配', '', '建立成功', NULL, NULL, NULL, NULL, '2024-03-12 15:13:25', '{\"name\":\"劉德華\",\"phone\":\"0922222222\",\"address\":\"aa路1號\"}', '', ''),
('0f9c2650-ec8b-4078-954e-99eee4f8c8b4', '2b91b33a-9aa9-789b-7f6c-ee1ed2f776ff', 10050, NULL, '取貨付款', '宅配', '', '建立成功', NULL, NULL, NULL, NULL, '2024-03-12 16:22:15', '{\"name\":\"劉德華\",\"phone\":\"0922266222\",\"address\":\"cx路1號\"}', '{\"number\":\"1518-9165-1651-8916\",\"securityCode\":\"123\",\"expirationDate\":\"05/66\",\"name\":\"劉德華\",\"address\":\"1市,1區,aa路1號\"}', ''),
('13e3c5f6-bc49-4e26-8f0d-1ff952a40273', '2b91b33a-9aa9-789b-7f6c-ee1ed2f776ff', 10050, NULL, '取貨付款', '宅配', '', '建立成功', NULL, NULL, NULL, NULL, '2024-03-12 16:24:13', '{\"name\":\"劉德華\",\"phone\":\"0922222222\",\"address\":\"3區aa路15號\"}', '', ''),
('1710472201734', '8a4d792f-8453-4d38-a01c-98c661412859', 9900, NULL, '取貨付款', '宅配', '', '建立成功', NULL, NULL, NULL, NULL, '2024-03-15 11:10:01', '{\"name\":\"劉德華\",\"phone\":\"0922222222\",\"address\":\"aa路1號\",\"store_name\":\"\"}', '', ''),
('1710474036552', '231d0764-1249-4771-b836-391d04359020', 10050, NULL, '取貨付款', '宅配', '', '建立成功', NULL, NULL, NULL, NULL, '2024-03-15 11:40:36', '{\"name\":\"劉德華\",\"phone\":\"0922222222\",\"address\":\"aa路1號\",\"store_name\":\"\"}', '', ''),
('1710474076493', '2b91b33a-9aa9-789b-7f6c-ee1ed2f776ff', 10050, NULL, '取貨付款', '7-11取貨', '', '建立成功', NULL, NULL, NULL, NULL, '2024-03-15 11:41:16', '{\"name\":\"劉德華\",\"phone\":\"0922222222\",\"address\":\"新北市三芝區中正路一段61號63號1樓\",\"store_name\":\"三芝門市\"}', '', ''),
('1710481101864', '2b91b33a-9aa9-789b-7f6c-ee1ed2f776ff', 9900, NULL, '取貨付款', '宅配', '', '建立成功', NULL, NULL, NULL, NULL, '2024-03-15 13:38:21', '{\"name\":\"劉德華\",\"phone\":\"0922222222\",\"address\":\"ㄅ\",\"store_name\":\"\"}', '', ''),
('1710481175528', '2b91b33a-9aa9-789b-7f6c-ee1ed2f776ff', 9900, NULL, '取貨付款', '宅配', '', '建立成功', NULL, NULL, NULL, NULL, '2024-03-15 13:39:35', '{\"name\":\"劉德華\",\"phone\":\"0922222222\",\"address\":\"ㄆ\",\"store_name\":\"\"}', '', ''),
('1710481207642', '2b91b33a-9aa9-789b-7f6c-ee1ed2f776ff', 9900, '2024031502070780710', 'Line pay', '宅配', '', 'paid', '{\"orderId\":1710481207642,\"currency\":\"TWD\",\"amount\":9900,\"packages\":[{\"id\":\"5433c4c9-d0f0-4f80-aed4-7a63f5245193\",\"amount\":9900,\"products\":[{\"id\":\"1\",\"name\":\"商品1\",\"quantity\":2,\"price\":200},{\"id\":\"2\",\"name\":\"課程2\",\"quantity\":3,\"price\":3200},{\"id\":\"2\",\"name\":\"商品2\",\"quantity\":2,\"price\":25},{\"id\":0,\"name\":\"折扣\",\"quantity\":1,\"price\":-150}]}],\"options\":{\"display\":{\"locale\":\"zh_TW\"}}}', '{\"orderId\":1710481207642,\"currency\":\"TWD\",\"amount\":9900,\"packages\":[{\"id\":\"5433c4c9-d0f0-4f80-aed4-7a63f5245193\",\"amount\":9900,\"products\":[{\"id\":\"1\",\"name\":\"商品1\",\"quantity\":2,\"price\":200},{\"id\":\"2\",\"name\":\"課程2\",\"quantity\":3,\"price\":3200},{\"id\":\"2\",\"name\":\"商品2\",\"quantity\":2,\"price\":25},{\"id\":0,\"name\":\"折扣\",\"quantity\":1,\"price\":-150}]}],\"options\":{\"display\":{\"locale\":\"zh_TW\"}},\"returnCode\":\"0000\",\"returnMessage\":\"Success.\",\"transactionId\":\"2024031502070780710\",\"paymentAccessToken\":\"189228706611\"}', '{\"returnCode\":\"0000\",\"returnMessage\":\"Success.\",\"info\":{\"transactionId\":\"2024031502070780710\",\"orderId\":\"1710481207642\",\"payInfo\":[{\"method\":\"CREDIT_CARD\",\"amount\":9900,\"maskedCreditCardNumber\":\"************1111\"}],\"packages\":[{\"id\":\"5433c4c9-d0f0-4f80-aed4-7a63f5245193\",\"amount\":9900,\"userFeeAmount\":0,\"products\":[{\"id\":\"1\",\"name\":\"商品1\",\"quantity\":2,\"price\":200},{\"id\":\"2\",\"name\":\"課程2\",\"quantity\":3,\"price\":3200},{\"id\":\"2\",\"name\":\"商品2\",\"quantity\":2,\"price\":25},{\"id\":\"0\",\"name\":\"折扣\",\"quantity\":1,\"price\":-150}]}]}}', '0000', '2024-03-15 13:40:07', '{\"name\":\"劉德華\",\"phone\":\"0922222222\",\"address\":\"台北市士林區大北路14號16號1樓\",\"store_name\":\"文林門市\"}', '', ''),
('1710481497944', '2b91b33a-9aa9-789b-7f6c-ee1ed2f776ff', 9900, '2024031502070784010', 'Line pay', '7-11取貨', '', 'paid', '{\"orderId\":1710481497944,\"currency\":\"TWD\",\"amount\":9900,\"packages\":[{\"id\":\"ad950881-da5c-477b-bec0-1c2b2a902bd3\",\"amount\":9900,\"products\":[{\"id\":\"1\",\"name\":\"商品1\",\"quantity\":2,\"price\":200},{\"id\":\"2\",\"name\":\"課程2\",\"quantity\":3,\"price\":3200},{\"id\":\"2\",\"name\":\"商品2\",\"quantity\":2,\"price\":25},{\"id\":0,\"name\":\"折扣\",\"quantity\":1,\"price\":-150}]}],\"options\":{\"display\":{\"locale\":\"zh_TW\"}}}', '{\"orderId\":1710481497944,\"currency\":\"TWD\",\"amount\":9900,\"packages\":[{\"id\":\"ad950881-da5c-477b-bec0-1c2b2a902bd3\",\"amount\":9900,\"products\":[{\"id\":\"1\",\"name\":\"商品1\",\"quantity\":2,\"price\":200},{\"id\":\"2\",\"name\":\"課程2\",\"quantity\":3,\"price\":3200},{\"id\":\"2\",\"name\":\"商品2\",\"quantity\":2,\"price\":25},{\"id\":0,\"name\":\"折扣\",\"quantity\":1,\"price\":-150}]}],\"options\":{\"display\":{\"locale\":\"zh_TW\"}},\"returnCode\":\"0000\",\"returnMessage\":\"Success.\",\"transactionId\":\"2024031502070784010\",\"paymentAccessToken\":\"848525295301\"}', '{\"returnCode\":\"0000\",\"returnMessage\":\"Success.\",\"info\":{\"transactionId\":\"2024031502070784010\",\"orderId\":\"1710481497944\",\"payInfo\":[{\"method\":\"CREDIT_CARD\",\"amount\":9900,\"maskedCreditCardNumber\":\"************1111\"}],\"packages\":[{\"id\":\"ad950881-da5c-477b-bec0-1c2b2a902bd3\",\"amount\":9900,\"userFeeAmount\":0,\"products\":[{\"id\":\"1\",\"name\":\"商品1\",\"quantity\":2,\"price\":200},{\"id\":\"2\",\"name\":\"課程2\",\"quantity\":3,\"price\":3200},{\"id\":\"2\",\"name\":\"商品2\",\"quantity\":2,\"price\":25},{\"id\":\"0\",\"name\":\"折扣\",\"quantity\":1,\"price\":-150}]}]}}', '0000', '2024-03-15 13:44:57', '{\"name\":\"劉德華\",\"phone\":\"0922222222\",\"address\":\"基隆市中山區中和路168巷7弄13號15號1樓\",\"store_name\":\"新大慶門市\"}', '', ''),
('1710482134286', '2b91b33a-9aa9-789b-7f6c-ee1ed2f776ff', 9900, NULL, '取貨付款', '宅配', '', '建立成功', NULL, NULL, NULL, NULL, '2024-03-15 13:55:34', '{\"name\":\"劉德華\",\"phone\":\"0922222222\",\"address\":\"ㄅ\",\"store_name\":\"\"}', '', ''),
('1710484262374', '2b91b33a-9aa9-789b-7f6c-ee1ed2f776ff', 9900, NULL, '取貨付款', '宅配', '', '建立成功', NULL, NULL, NULL, NULL, '2024-03-15 14:31:02', '{\"name\":\"劉德華\",\"phone\":\"0922222222\",\"address\":\"aa路1號\",\"store_name\":\"\"}', '', ''),
('1710484469093', '2b91b33a-9aa9-789b-7f6c-ee1ed2f776ff', 9900, NULL, '取貨付款', '宅配', '', '建立成功', NULL, NULL, NULL, NULL, '2024-03-15 14:34:29', '{\"name\":\"劉德華\",\"phone\":\"0922222222\",\"address\":\"aa路1號\",\"store_name\":\"\"}', '', ''),
('1710484504356', '2b91b33a-9aa9-789b-7f6c-ee1ed2f776ff', 9900, NULL, '取貨付款', '宅配', '', '建立成功', NULL, NULL, NULL, NULL, '2024-03-15 14:35:04', '{\"name\":\"劉德華\",\"phone\":\"0922222222\",\"address\":\"aa路1號\",\"store_name\":\"\"}', '', ''),
('1710484585612', '2b91b33a-9aa9-789b-7f6c-ee1ed2f776ff', 9900, NULL, '取貨付款', '宅配', '', '建立成功', NULL, NULL, NULL, NULL, '2024-03-15 14:36:25', '{\"name\":\"劉德華\",\"phone\":\"0922222222\",\"address\":\"123\",\"store_name\":\"\"}', '', ''),
('1710484666585', '2b91b33a-9aa9-789b-7f6c-ee1ed2f776ff', 9900, NULL, '取貨付款', '宅配', '', '建立成功', NULL, NULL, NULL, NULL, '2024-03-15 14:37:46', '{\"name\":\"劉德華\",\"phone\":\"0922222222\",\"address\":\"aa路1號\",\"store_name\":\"\"}', '', ''),
('1710484785845', '2b91b33a-9aa9-789b-7f6c-ee1ed2f776ff', 9900, NULL, '取貨付款', '宅配', '', '建立成功', NULL, NULL, NULL, NULL, '2024-03-15 14:39:45', '{\"name\":\"劉德華\",\"phone\":\"0922222222\",\"address\":\"123\",\"store_name\":\"\"}', '', ''),
('1710484868628', '2b91b33a-9aa9-789b-7f6c-ee1ed2f776ff', 9900, NULL, 'Line pay', '7-11取貨', '', '建立成功', '{\"orderId\":1710484868628,\"currency\":\"TWD\",\"amount\":9900,\"packages\":[{\"id\":\"7a721a52-d711-4796-843e-89b74f68d66c\",\"amount\":9900,\"products\":[{\"id\":\"1\",\"name\":\"商品1\",\"quantity\":2,\"price\":200},{\"id\":\"2\",\"name\":\"課程2\",\"quantity\":3,\"price\":3200},{\"id\":\"2\",\"name\":\"商品2\",\"quantity\":2,\"price\":25},{\"id\":0,\"name\":\"折扣\",\"quantity\":1,\"price\":-150}]}],\"options\":{\"display\":{\"locale\":\"zh_TW\"}}}', NULL, NULL, NULL, '2024-03-15 14:41:08', '{\"name\":\"劉德華\",\"phone\":\"0922222222\",\"address\":\"台北市大同區民族西路151號153號155號\",\"store_name\":\"民族西門市\"}', '', ''),
('1710485056772', '2b91b33a-9aa9-789b-7f6c-ee1ed2f776ff', 9900, NULL, '取貨付款', '宅配', '', '建立成功', NULL, NULL, NULL, NULL, '2024-03-15 14:44:16', '{\"name\":\"劉德華\",\"phone\":\"0922222222\",\"address\":\"aa路1號\",\"store_name\":\"\"}', '', ''),
('1710485083513', '2b91b33a-9aa9-789b-7f6c-ee1ed2f776ff', 9900, NULL, 'Line pay', '宅配', '', '建立成功', '{\"orderId\":1710485083513,\"currency\":\"TWD\",\"amount\":9900,\"packages\":[{\"id\":\"f616b5db-a530-4080-9d09-c120d2f3dca8\",\"amount\":9900,\"products\":[{\"id\":\"1\",\"name\":\"商品1\",\"quantity\":2,\"price\":200},{\"id\":\"2\",\"name\":\"課程2\",\"quantity\":3,\"price\":3200},{\"id\":\"2\",\"name\":\"商品2\",\"quantity\":2,\"price\":25},{\"id\":0,\"name\":\"折扣\",\"quantity\":1,\"price\":-150}]}],\"options\":{\"display\":{\"locale\":\"zh_TW\"}}}', NULL, NULL, NULL, '2024-03-15 14:44:43', '{\"name\":\"劉德華\",\"phone\":\"0922222222\",\"address\":\"aa路1號\",\"store_name\":\"\"}', '', ''),
('1710485281095', '2b91b33a-9aa9-789b-7f6c-ee1ed2f776ff', 10050, NULL, 'Line pay', '宅配', '', '建立成功', '{\"orderId\":1710485281095,\"currency\":\"TWD\",\"amount\":10050,\"packages\":[{\"id\":\"1635f082-f669-4a3c-b7a8-f52f70145bc5\",\"amount\":10050,\"products\":[{\"id\":\"1\",\"name\":\"商品1\",\"quantity\":2,\"price\":200},{\"id\":\"2\",\"name\":\"課程2\",\"quantity\":3,\"price\":3200},{\"id\":\"2\",\"name\":\"商品2\",\"quantity\":2,\"price\":25}]}],\"options\":{\"display\":{\"locale\":\"zh_TW\"}}}', NULL, NULL, NULL, '2024-03-15 14:48:01', '{\"name\":\"劉德華\",\"phone\":\"0922222222\",\"address\":\"aa路1號\",\"store_name\":\"\"}', '', ''),
('1710485332556', '2b91b33a-9aa9-789b-7f6c-ee1ed2f776ff', 10050, NULL, 'Line pay', '宅配', '', '建立成功', '{\"orderId\":1710485332556,\"currency\":\"TWD\",\"amount\":10050,\"packages\":[{\"id\":\"5a0fdd71-785f-4777-a272-42621ac75e29\",\"amount\":10050,\"products\":[{\"id\":\"1\",\"name\":\"商品1\",\"quantity\":2,\"price\":200},{\"id\":\"2\",\"name\":\"課程2\",\"quantity\":3,\"price\":3200},{\"id\":\"2\",\"name\":\"商品2\",\"quantity\":2,\"price\":25}]}],\"options\":{\"display\":{\"locale\":\"zh_TW\"}}}', NULL, NULL, NULL, '2024-03-15 14:48:52', '{\"name\":\"劉德華\",\"phone\":\"0922222222\",\"address\":\"aa路1號\",\"store_name\":\"\"}', '', ''),
('1710485482820', '2b91b33a-9aa9-789b-7f6c-ee1ed2f776ff', 0, NULL, 'Line pay', '宅配', '', '建立成功', '{\"orderId\":1710485482820,\"currency\":\"TWD\",\"amount\":0,\"packages\":[{\"id\":\"9fb5cc3a-a554-4259-9752-f0d6882a0ead\",\"amount\":0,\"products\":[]}],\"options\":{\"display\":{\"locale\":\"zh_TW\"}}}', NULL, NULL, NULL, '2024-03-15 14:51:22', '{\"name\":\"劉德華\",\"phone\":\"0922222222\",\"address\":\"aa路1號\",\"store_name\":\"\"}', '', ''),
('1710485590680', '2b91b33a-9aa9-789b-7f6c-ee1ed2f776ff', 10050, NULL, '取貨付款', '宅配', '', '建立成功', NULL, NULL, NULL, NULL, '2024-03-15 14:53:10', '{\"name\":\"劉德華\",\"phone\":\"0922222222\",\"address\":\"aa路1號\",\"store_name\":\"\"}', '', ''),
('1710485622900', '2b91b33a-9aa9-789b-7f6c-ee1ed2f776ff', 10050, NULL, 'Line pay', '宅配', '', '建立成功', '{\"orderId\":1710485622900,\"currency\":\"TWD\",\"amount\":10050,\"packages\":[{\"id\":\"04cabff5-7c81-46cd-add1-e11ad211641f\",\"amount\":10050,\"products\":[{\"id\":\"1\",\"name\":\"商品1\",\"quantity\":2,\"price\":200},{\"id\":\"2\",\"name\":\"課程2\",\"quantity\":3,\"price\":3200},{\"id\":\"2\",\"name\":\"商品2\",\"quantity\":2,\"price\":25}]}],\"options\":{\"display\":{\"locale\":\"zh_TW\"}}}', NULL, NULL, NULL, '2024-03-15 14:53:42', '{\"name\":\"劉德華\",\"phone\":\"0922222222\",\"address\":\"aa路1號\",\"store_name\":\"\"}', '', ''),
('1710485675943', '2b91b33a-9aa9-789b-7f6c-ee1ed2f776ff', 10050, NULL, 'Line pay', '宅配', '', '建立成功', '{\"orderId\":1710485675943,\"currency\":\"TWD\",\"amount\":10050,\"packages\":[{\"id\":\"6d7f5122-a083-451d-a1d2-f4b6c1892255\",\"amount\":10050,\"products\":[{\"id\":\"1\",\"name\":\"商品1\",\"quantity\":2,\"price\":200},{\"id\":\"2\",\"name\":\"課程2\",\"quantity\":3,\"price\":3200},{\"id\":\"2\",\"name\":\"商品2\",\"quantity\":2,\"price\":25}]}],\"options\":{\"display\":{\"locale\":\"zh_TW\"}}}', NULL, NULL, NULL, '2024-03-15 14:54:35', '{\"name\":\"劉德華\",\"phone\":\"0922222222\",\"address\":\"aa路1號\",\"store_name\":\"\"}', '', ''),
('1710486182596', '2b91b33a-9aa9-789b-7f6c-ee1ed2f776ff', 10050, NULL, '取貨付款', '宅配', '', '建立成功', NULL, NULL, NULL, NULL, '2024-03-15 15:03:02', '{\"name\":\"劉德華\",\"phone\":\"0922222222\",\"address\":\"aa路1號\",\"store_name\":\"\"}', '', ''),
('1710486194411', '2b91b33a-9aa9-789b-7f6c-ee1ed2f776ff', 10050, '2024031502070810710', 'Line pay', '宅配', '', '建立成功', '{\"orderId\":1710486194411,\"currency\":\"TWD\",\"amount\":10050,\"packages\":[{\"id\":\"38871caf-db5b-4540-b047-5324acc788a9\",\"amount\":10050,\"products\":[{\"id\":\"1\",\"name\":\"商品1\",\"quantity\":2,\"price\":200},{\"id\":\"2\",\"name\":\"課程2\",\"quantity\":3,\"price\":3200},{\"id\":\"2\",\"name\":\"商品2\",\"quantity\":2,\"price\":25}]}],\"options\":{\"display\":{\"locale\":\"zh_TW\"}}}', '{\"orderId\":1710486194411,\"currency\":\"TWD\",\"amount\":10050,\"packages\":[{\"id\":\"38871caf-db5b-4540-b047-5324acc788a9\",\"amount\":10050,\"products\":[{\"id\":\"1\",\"name\":\"商品1\",\"quantity\":2,\"price\":200},{\"id\":\"2\",\"name\":\"課程2\",\"quantity\":3,\"price\":3200},{\"id\":\"2\",\"name\":\"商品2\",\"quantity\":2,\"price\":25}]}],\"options\":{\"display\":{\"locale\":\"zh_TW\"}},\"returnCode\":\"0000\",\"returnMessage\":\"Success.\",\"transactionId\":\"2024031502070810710\",\"paymentAccessToken\":\"855560325166\"}', NULL, NULL, '2024-03-15 15:03:14', '{\"name\":\"劉德華\",\"phone\":\"0922222222\",\"address\":\"aa路1號\",\"store_name\":\"\"}', '', ''),
('1710486750188', '2b91b33a-9aa9-789b-7f6c-ee1ed2f776ff', 9900, '2024031502070821310', 'Line pay', '宅配', '', 'paid', '{\"orderId\":1710486750188,\"currency\":\"TWD\",\"amount\":9900,\"packages\":[{\"id\":\"42631095-fe4d-4fcd-bb10-e513b0170119\",\"amount\":9900,\"products\":[{\"id\":\"1\",\"name\":\"商品1\",\"quantity\":2,\"price\":200},{\"id\":\"2\",\"name\":\"課程2\",\"quantity\":3,\"price\":3200},{\"id\":\"2\",\"name\":\"商品2\",\"quantity\":2,\"price\":25},{\"id\":0,\"name\":\"折扣\",\"quantity\":1,\"price\":-150}]}],\"options\":{\"display\":{\"locale\":\"zh_TW\"}}}', '{\"orderId\":1710486750188,\"currency\":\"TWD\",\"amount\":9900,\"packages\":[{\"id\":\"42631095-fe4d-4fcd-bb10-e513b0170119\",\"amount\":9900,\"products\":[{\"id\":\"1\",\"name\":\"商品1\",\"quantity\":2,\"price\":200},{\"id\":\"2\",\"name\":\"課程2\",\"quantity\":3,\"price\":3200},{\"id\":\"2\",\"name\":\"商品2\",\"quantity\":2,\"price\":25},{\"id\":0,\"name\":\"折扣\",\"quantity\":1,\"price\":-150}]}],\"options\":{\"display\":{\"locale\":\"zh_TW\"}},\"returnCode\":\"0000\",\"returnMessage\":\"Success.\",\"transactionId\":\"2024031502070821310\",\"paymentAccessToken\":\"457539024861\"}', '{\"returnCode\":\"0000\",\"returnMessage\":\"Success.\",\"info\":{\"transactionId\":\"2024031502070821310\",\"orderId\":\"1710486750188\",\"payInfo\":[{\"method\":\"CREDIT_CARD\",\"amount\":9900,\"maskedCreditCardNumber\":\"************1111\"}],\"packages\":[{\"id\":\"42631095-fe4d-4fcd-bb10-e513b0170119\",\"amount\":9900,\"userFeeAmount\":0,\"products\":[{\"id\":\"1\",\"name\":\"商品1\",\"quantity\":2,\"price\":200},{\"id\":\"2\",\"name\":\"課程2\",\"quantity\":3,\"price\":3200},{\"id\":\"2\",\"name\":\"商品2\",\"quantity\":2,\"price\":25},{\"id\":\"0\",\"name\":\"折扣\",\"quantity\":1,\"price\":-150}]}]}}', '0000', '2024-03-15 15:12:30', '{\"name\":\"劉德華\",\"phone\":\"0922222222\",\"address\":\"aa路1號\",\"store_name\":\"\"}', '', ''),
('1710486845658', '2b91b33a-9aa9-789b-7f6c-ee1ed2f776ff', 9900, '2024031502070823110', 'Line pay', '宅配', '', 'paid', '{\"orderId\":1710486845658,\"currency\":\"TWD\",\"amount\":9900,\"packages\":[{\"id\":\"39c57b81-a08c-460f-9b9c-71f0599a7cbe\",\"amount\":9900,\"products\":[{\"id\":\"1\",\"name\":\"商品1\",\"quantity\":2,\"price\":200},{\"id\":\"2\",\"name\":\"課程2\",\"quantity\":3,\"price\":3200},{\"id\":\"2\",\"name\":\"商品2\",\"quantity\":2,\"price\":25},{\"id\":0,\"name\":\"折扣\",\"quantity\":1,\"price\":-150}]}],\"options\":{\"display\":{\"locale\":\"zh_TW\"}}}', '{\"orderId\":1710486845658,\"currency\":\"TWD\",\"amount\":9900,\"packages\":[{\"id\":\"39c57b81-a08c-460f-9b9c-71f0599a7cbe\",\"amount\":9900,\"products\":[{\"id\":\"1\",\"name\":\"商品1\",\"quantity\":2,\"price\":200},{\"id\":\"2\",\"name\":\"課程2\",\"quantity\":3,\"price\":3200},{\"id\":\"2\",\"name\":\"商品2\",\"quantity\":2,\"price\":25},{\"id\":0,\"name\":\"折扣\",\"quantity\":1,\"price\":-150}]}],\"options\":{\"display\":{\"locale\":\"zh_TW\"}},\"returnCode\":\"0000\",\"returnMessage\":\"Success.\",\"transactionId\":\"2024031502070823110\",\"paymentAccessToken\":\"276388485068\"}', '{\"returnCode\":\"0000\",\"returnMessage\":\"Success.\",\"info\":{\"transactionId\":\"2024031502070823110\",\"orderId\":\"1710486845658\",\"payInfo\":[{\"method\":\"CREDIT_CARD\",\"amount\":9900,\"maskedCreditCardNumber\":\"************1111\"}],\"packages\":[{\"id\":\"39c57b81-a08c-460f-9b9c-71f0599a7cbe\",\"amount\":9900,\"userFeeAmount\":0,\"products\":[{\"id\":\"1\",\"name\":\"商品1\",\"quantity\":2,\"price\":200},{\"id\":\"2\",\"name\":\"課程2\",\"quantity\":3,\"price\":3200},{\"id\":\"2\",\"name\":\"商品2\",\"quantity\":2,\"price\":25},{\"id\":\"0\",\"name\":\"折扣\",\"quantity\":1,\"price\":-150}]}]}}', '0000', '2024-03-15 15:14:05', '{\"name\":\"劉德華\",\"phone\":\"0922222222\",\"address\":\"aa路1號\",\"store_name\":\"\"}', '', ''),
('1710486917028', '2b91b33a-9aa9-789b-7f6c-ee1ed2f776ff', 9900, '2024031502070825210', 'Line pay', '7-11取貨', '', 'paid', '{\"orderId\":1710486917028,\"currency\":\"TWD\",\"amount\":9900,\"packages\":[{\"id\":\"321be75d-243e-45dd-bfcd-96c7b3d11c89\",\"amount\":9900,\"products\":[{\"id\":\"1\",\"name\":\"商品1\",\"quantity\":2,\"price\":200},{\"id\":\"2\",\"name\":\"課程2\",\"quantity\":3,\"price\":3200},{\"id\":\"2\",\"name\":\"商品2\",\"quantity\":2,\"price\":25},{\"id\":0,\"name\":\"折扣\",\"quantity\":1,\"price\":-150}]}],\"options\":{\"display\":{\"locale\":\"zh_TW\"}}}', '{\"orderId\":1710486917028,\"currency\":\"TWD\",\"amount\":9900,\"packages\":[{\"id\":\"321be75d-243e-45dd-bfcd-96c7b3d11c89\",\"amount\":9900,\"products\":[{\"id\":\"1\",\"name\":\"商品1\",\"quantity\":2,\"price\":200},{\"id\":\"2\",\"name\":\"課程2\",\"quantity\":3,\"price\":3200},{\"id\":\"2\",\"name\":\"商品2\",\"quantity\":2,\"price\":25},{\"id\":0,\"name\":\"折扣\",\"quantity\":1,\"price\":-150}]}],\"options\":{\"display\":{\"locale\":\"zh_TW\"}},\"returnCode\":\"0000\",\"returnMessage\":\"Success.\",\"transactionId\":\"2024031502070825210\",\"paymentAccessToken\":\"081951279405\"}', '{\"returnCode\":\"0000\",\"returnMessage\":\"Success.\",\"info\":{\"transactionId\":\"2024031502070825210\",\"orderId\":\"1710486917028\",\"payInfo\":[{\"method\":\"CREDIT_CARD\",\"amount\":9900,\"maskedCreditCardNumber\":\"************1111\"}],\"packages\":[{\"id\":\"321be75d-243e-45dd-bfcd-96c7b3d11c89\",\"amount\":9900,\"userFeeAmount\":0,\"products\":[{\"id\":\"1\",\"name\":\"商品1\",\"quantity\":2,\"price\":200},{\"id\":\"2\",\"name\":\"課程2\",\"quantity\":3,\"price\":3200},{\"id\":\"2\",\"name\":\"商品2\",\"quantity\":2,\"price\":25},{\"id\":\"0\",\"name\":\"折扣\",\"quantity\":1,\"price\":-150}]}]}}', '0000', '2024-03-15 15:15:17', '{\"name\":\"劉德華\",\"phone\":\"0922222222\",\"address\":\"台北市大同區太原路40號42號44號\",\"store_name\":\"鑫太原門市\"}', '', ''),
('1710487023955', '2b91b33a-9aa9-789b-7f6c-ee1ed2f776ff', 10050, '2024031502070827610', 'Line pay', '7-11取貨', '', 'paid', '{\"orderId\":1710487023955,\"currency\":\"TWD\",\"amount\":10050,\"packages\":[{\"id\":\"7b42ae4a-92ba-4789-9601-0bd190c92e52\",\"amount\":10050,\"products\":[{\"id\":\"1\",\"name\":\"商品1\",\"quantity\":2,\"price\":200},{\"id\":\"2\",\"name\":\"課程2\",\"quantity\":3,\"price\":3200},{\"id\":\"2\",\"name\":\"商品2\",\"quantity\":2,\"price\":25}]}],\"options\":{\"display\":{\"locale\":\"zh_TW\"}}}', '{\"orderId\":1710487023955,\"currency\":\"TWD\",\"amount\":10050,\"packages\":[{\"id\":\"7b42ae4a-92ba-4789-9601-0bd190c92e52\",\"amount\":10050,\"products\":[{\"id\":\"1\",\"name\":\"商品1\",\"quantity\":2,\"price\":200},{\"id\":\"2\",\"name\":\"課程2\",\"quantity\":3,\"price\":3200},{\"id\":\"2\",\"name\":\"商品2\",\"quantity\":2,\"price\":25}]}],\"options\":{\"display\":{\"locale\":\"zh_TW\"}},\"returnCode\":\"0000\",\"returnMessage\":\"Success.\",\"transactionId\":\"2024031502070827610\",\"paymentAccessToken\":\"667401582461\"}', '{\"returnCode\":\"0000\",\"returnMessage\":\"Success.\",\"info\":{\"transactionId\":\"2024031502070827610\",\"orderId\":\"1710487023955\",\"payInfo\":[{\"method\":\"CREDIT_CARD\",\"amount\":10050,\"maskedCreditCardNumber\":\"************1111\"}],\"packages\":[{\"id\":\"7b42ae4a-92ba-4789-9601-0bd190c92e52\",\"amount\":10050,\"userFeeAmount\":0,\"products\":[{\"id\":\"1\",\"name\":\"商品1\",\"quantity\":2,\"price\":200},{\"id\":\"2\",\"name\":\"課程2\",\"quantity\":3,\"price\":3200},{\"id\":\"2\",\"name\":\"商品2\",\"quantity\":2,\"price\":25}]}]}}', '0000', '2024-03-15 15:17:03', '{\"name\":\"劉德華\",\"phone\":\"0922222222\",\"address\":\"新北市三芝區中正路一段61號63號1樓\",\"store_name\":\"三芝門市\"}', '', ''),
('1710487752622', '2b91b33a-9aa9-789b-7f6c-ee1ed2f776ff', 9900, NULL, '取貨付款', '宅配', '', '建立成功', NULL, NULL, NULL, NULL, '2024-03-15 15:29:12', '{\"name\":\"劉德華\",\"phone\":\"0922222222\",\"address\":\"aa路1號\",\"store_name\":\"\"}', '{\"number\":\"1243-1431-5315-3513\",\"securityCode\":\"122\",\"expirationDate\":\"07/22\",\"name\":\"劉德華\",\"address\":\"aa路1號\"}', ''),
('1710487821018', '2b91b33a-9aa9-789b-7f6c-ee1ed2f776ff', 10050, NULL, '取貨付款', '7-11取貨', '', '建立成功', NULL, NULL, NULL, NULL, '2024-03-15 15:30:21', '{\"name\":\"劉德華\",\"phone\":\"0922222222\",\"address\":\"基隆市七堵區工建路1之22號1之23號1樓\",\"store_name\":\"六工門市\"}', '{\"number\":\"1343-1434-3243-4321\",\"securityCode\":\"123\",\"expirationDate\":\"11/12\",\"name\":\"劉德華\",\"address\":\"1市,1區,aa路1號\"}', ''),
('1710488146399', '2b91b33a-9aa9-789b-7f6c-ee1ed2f776ff', 10050, NULL, '取貨付款', '宅配', '', '建立成功', NULL, NULL, NULL, NULL, '2024-03-15 15:35:46', '{\"name\":\"劉德華\",\"phone\":\"0922222222\",\"address\":\"aa路1號\",\"store_name\":\"\"}', '', ''),
('1710488217823', '2b91b33a-9aa9-789b-7f6c-ee1ed2f776ff', 9900, NULL, '取貨付款', '宅配', '', '建立成功', NULL, NULL, NULL, NULL, '2024-03-15 15:36:57', '{\"name\":\"劉德華\",\"phone\":\"0922222222\",\"address\":\"aa路1號undefinedaa路1號\",\"store_name\":\"\"}', '', ''),
('1710488605151', '2b91b33a-9aa9-789b-7f6c-ee1ed2f776ff', 10050, NULL, '取貨付款', '7-11取貨', '', '建立成功', NULL, NULL, NULL, NULL, '2024-03-15 15:43:25', '{\"name\":\"劉德華\",\"phone\":\"0922222222\",\"address\":\"台北市士林區大北路14號16號1樓\",\"store_name\":\"文林門市\"}', '', ''),
('1710489690818', '2b91b33a-9aa9-789b-7f6c-ee1ed2f776ff', 10050, NULL, '取貨付款', '宅配', '', '建立成功', NULL, NULL, NULL, NULL, '2024-03-15 16:01:30', '{\"name\":\"劉德華\",\"phone\":\"0922222222\",\"address\":\"1市3區aa路1號\",\"store_name\":\"\"}', '', ''),
('1710489910044', '2b91b33a-9aa9-789b-7f6c-ee1ed2f776ff', 10050, NULL, '取貨付款', '宅配', '', '建立成功', NULL, NULL, NULL, NULL, '2024-03-15 16:05:10', '{\"name\":\"劉德華\",\"phone\":\"0922222222\",\"address\":\"1市3區aa路1號\",\"store_name\":\"\"}', '', ''),
('1710489946188', '2b91b33a-9aa9-789b-7f6c-ee1ed2f776ff', 3400, NULL, '取貨付款', '宅配', '', '建立成功', NULL, NULL, NULL, NULL, '2024-03-15 16:05:46', '{\"name\":\"劉德華\",\"phone\":\"0922222222\",\"address\":\"1市3區aa路1號\",\"store_name\":\"\"}', '', ''),
('1710490832131', '2b91b33a-9aa9-789b-7f6c-ee1ed2f776ff', 10050, NULL, '取貨付款', '宅配', '', '建立成功', NULL, NULL, NULL, NULL, '2024-03-15 16:20:32', '{\"name\":\"劉德華\",\"phone\":\"0922222222\",\"address\":\"1市3區aa路1號\",\"store_name\":\"\"}', '', ''),
('1710490862155', '2b91b33a-9aa9-789b-7f6c-ee1ed2f776ff', 10050, NULL, '取貨付款', '宅配', '', '建立成功', NULL, NULL, NULL, NULL, '2024-03-15 16:21:02', '{\"name\":\"劉德華\",\"phone\":\"0922222222\",\"address\":\"1市3區aa路1號\",\"store_name\":\"\"}', '{\"number\":\"5156-1561-6515-6165\",\"securityCode\":\"555\",\"expirationDate\":\"11/11\",\"name\":\"劉德華\",\"address\":\"1市,3區,aa路1號\"}', ''),
('1710490931505', '2b91b33a-9aa9-789b-7f6c-ee1ed2f776ff', 10050, NULL, '取貨付款', '7-11取貨', '', '建立成功', NULL, NULL, NULL, NULL, '2024-03-15 16:22:11', '{\"name\":\"劉德華\",\"phone\":\"0922222222\",\"address\":\"基隆市七堵區工建路1之22號1之23號1樓\",\"store_name\":\"六工門市\"}', '', ''),
('1710731443358', '2b91b33a-9aa9-789b-7f6c-ee1ed2f776ff', 9900, '2024031802072603110', 'Line pay', '7-11取貨', '', 'paid', '{\"orderId\":1710731443358,\"currency\":\"TWD\",\"amount\":9900,\"packages\":[{\"id\":\"125f5d3b-3257-406d-8b01-0dc19db63b26\",\"amount\":9900,\"products\":[{\"id\":\"1\",\"name\":\"商品1\",\"quantity\":2,\"price\":200},{\"id\":\"2\",\"name\":\"課程2\",\"quantity\":3,\"price\":3200},{\"id\":\"2\",\"name\":\"商品2\",\"quantity\":2,\"price\":25},{\"id\":0,\"name\":\"折扣\",\"quantity\":1,\"price\":-150}]}],\"options\":{\"display\":{\"locale\":\"zh_TW\"}}}', '{\"orderId\":1710731443358,\"currency\":\"TWD\",\"amount\":9900,\"packages\":[{\"id\":\"125f5d3b-3257-406d-8b01-0dc19db63b26\",\"amount\":9900,\"products\":[{\"id\":\"1\",\"name\":\"商品1\",\"quantity\":2,\"price\":200},{\"id\":\"2\",\"name\":\"課程2\",\"quantity\":3,\"price\":3200},{\"id\":\"2\",\"name\":\"商品2\",\"quantity\":2,\"price\":25},{\"id\":0,\"name\":\"折扣\",\"quantity\":1,\"price\":-150}]}],\"options\":{\"display\":{\"locale\":\"zh_TW\"}},\"returnCode\":\"0000\",\"returnMessage\":\"Success.\",\"transactionId\":\"2024031802072603110\",\"paymentAccessToken\":\"773227312636\"}', '{\"returnCode\":\"0000\",\"returnMessage\":\"Success.\",\"info\":{\"transactionId\":\"2024031802072603110\",\"orderId\":\"1710731443358\",\"payInfo\":[{\"method\":\"CREDIT_CARD\",\"amount\":9900,\"maskedCreditCardNumber\":\"************1111\"}],\"packages\":[{\"id\":\"125f5d3b-3257-406d-8b01-0dc19db63b26\",\"amount\":9900,\"userFeeAmount\":0,\"products\":[{\"id\":\"1\",\"name\":\"商品1\",\"quantity\":2,\"price\":200},{\"id\":\"2\",\"name\":\"課程2\",\"quantity\":3,\"price\":3200},{\"id\":\"2\",\"name\":\"商品2\",\"quantity\":2,\"price\":25},{\"id\":\"0\",\"name\":\"折扣\",\"quantity\":1,\"price\":-150}]}]}}', '0000', '2024-03-18 11:10:43', '{\"name\":\"劉德華\",\"phone\":\"0922222222\",\"address\":\"台北市大同區民生西路95號97號\",\"store_name\":\"仟發門市\"}', '', ''),
('1710731964899', '2b91b33a-9aa9-789b-7f6c-ee1ed2f776ff', 24360, NULL, '信用卡付款', '宅配', '', '建立成功', NULL, NULL, NULL, NULL, '2024-03-18 11:19:24', '{\"name\":\"劉德華\",\"phone\":\"0922222222\",\"address\":\"1市3區aa路1號\",\"store_name\":\"\"}', '{\"number\":\"5191-8919-1561-5615\",\"securityCode\":\"555\",\"expirationDate\":\"11/12\",\"name\":\"劉德華\",\"address\":\"1市,3區,aa路1號\"}', ''),
('1710732138290', '2b91b33a-9aa9-789b-7f6c-ee1ed2f776ff', 24210, NULL, '取貨付款', '宅配', '', '建立成功', NULL, NULL, NULL, NULL, '2024-03-18 11:22:18', '{\"name\":\"劉德華\",\"phone\":\"0922222222\",\"address\":\"1市3區aa路1號\",\"store_name\":\"\"}', '', ''),
('1710732571184', '2b91b33a-9aa9-789b-7f6c-ee1ed2f776ff', 24210, NULL, '取貨付款', '宅配', '{\"id\":1,\"name\":\"雙11限時搶購｜全站消費滿1111優惠200元\",\"discount\":200,\"finalPrice\":24210,\"rule\":1111}', '建立成功', NULL, NULL, NULL, NULL, '2024-03-18 11:29:31', '{\"name\":\"劉德華\",\"phone\":\"0922222222\",\"address\":\"1市3區aa路1號\",\"store_name\":\"\"}', '', ''),
('1710740858635', '2b91b33a-9aa9-789b-7f6c-ee1ed2f776ff', 24360, NULL, '取貨付款', '宅配', 'null', '建立成功', NULL, NULL, NULL, NULL, '2024-03-18 13:47:38', '{\"name\":\"劉德華\",\"phone\":\"0922222222\",\"address\":\"1市3區aa路1號\",\"store_name\":\"\"}', '', ''),
('1710741210306', '2b91b33a-9aa9-789b-7f6c-ee1ed2f776ff', 24360, NULL, 'Line pay', '宅配', '', '建立成功', '{\"orderId\":1710741210306,\"currency\":\"TWD\",\"amount\":24360,\"packages\":[{\"id\":\"3a2b9d63-6c13-4f69-a301-1f568cac03b5\",\"amount\":24360,\"products\":[{\"id\":\"1\",\"name\":\"抗反射面鏡\",\"quantity\":2,\"price\":\"880\"},{\"id\":\"2\",\"name\":\"課程2\",\"quantity\":3,\"price\":3200},{\"id\":\"2\",\"name\":\"女款3/2MM拉鍊防寒衣\",\"quantity\":2,\"price\":\"6500\"}]}],\"options\":{\"display\":{\"locale\":\"zh_TW\"}}}', NULL, NULL, NULL, '2024-03-18 13:53:30', '{\"name\":\"劉德華\",\"phone\":\"0922222222\",\"address\":\"1市3區aa路1號\",\"store_name\":\"\"}', '', ''),
('1710741735340', '2b91b33a-9aa9-789b-7f6c-ee1ed2f776ff', 24360, NULL, 'Line pay', '宅配', '', '建立成功', '{\"orderId\":1710741735340,\"currency\":\"TWD\",\"amount\":24360,\"packages\":[{\"id\":\"9ba0a8ca-2e2b-4dd8-bb58-8c75751064f4\",\"amount\":24360,\"products\":[{\"id\":\"1\",\"name\":\"抗反射面鏡\",\"quantity\":2,\"price\":\"880\"},{\"id\":\"2\",\"name\":\"課程2\",\"quantity\":3,\"price\":3200},{\"id\":\"2\",\"name\":\"女款3/2MM拉鍊防寒衣\",\"quantity\":2,\"price\":\"6500\"}]}],\"options\":{\"display\":{\"locale\":\"zh_TW\"}}}', NULL, NULL, NULL, '2024-03-18 14:02:15', '{\"name\":\"劉德華\",\"phone\":\"0922222222\",\"address\":\"1市3區aa路1號\",\"store_name\":\"\"}', '', ''),
('1710741750699', '2b91b33a-9aa9-789b-7f6c-ee1ed2f776ff', 24360, NULL, '取貨付款', '宅配', 'null', '建立成功', NULL, NULL, NULL, NULL, '2024-03-18 14:02:30', '{\"name\":\"劉德華\",\"phone\":\"0922222222\",\"address\":\"1市3區aa路1號\",\"store_name\":\"\"}', '', ''),
('1710746586066', '2b91b33a-9aa9-789b-7f6c-ee1ed2f776ff', 24360, NULL, '取貨付款', '宅配', 'null', '建立成功', NULL, NULL, NULL, NULL, '2024-03-18 15:23:06', '{\"name\":\"劉德華\",\"phone\":\"0922222222\",\"address\":\"1市3區aa路1號\",\"store_name\":\"\"}', '', ''),
('1710748406158', '2b91b33a-9aa9-789b-7f6c-ee1ed2f776ff', 24360, NULL, '取貨付款', '宅配', 'null', '建立成功', NULL, NULL, NULL, NULL, '2024-03-18 15:53:26', '{\"name\":\"劉德華\",\"phone\":\"0922222222\",\"address\":\"1市3區aa路1號\",\"store_name\":\"\"}', '', ''),
('1710748448252', '2b91b33a-9aa9-789b-7f6c-ee1ed2f776ff', 24360, '2024031802072879310', 'Line pay', '宅配', '', 'paid', '{\"orderId\":1710748448252,\"currency\":\"TWD\",\"amount\":24360,\"packages\":[{\"id\":\"4b0daa6d-5239-4e02-9ba0-a16051814706\",\"amount\":24360,\"products\":[{\"id\":\"1\",\"name\":\"抗反射面鏡\",\"quantity\":2,\"price\":\"880\"},{\"id\":\"2\",\"name\":\"課程2\",\"quantity\":3,\"price\":3200},{\"id\":\"2\",\"name\":\"女款3/2MM拉鍊防寒衣\",\"quantity\":2,\"price\":\"6500\"}]}],\"options\":{\"display\":{\"locale\":\"zh_TW\"}}}', '{\"orderId\":1710748448252,\"currency\":\"TWD\",\"amount\":24360,\"packages\":[{\"id\":\"4b0daa6d-5239-4e02-9ba0-a16051814706\",\"amount\":24360,\"products\":[{\"id\":\"1\",\"name\":\"抗反射面鏡\",\"quantity\":2,\"price\":\"880\"},{\"id\":\"2\",\"name\":\"課程2\",\"quantity\":3,\"price\":3200},{\"id\":\"2\",\"name\":\"女款3/2MM拉鍊防寒衣\",\"quantity\":2,\"price\":\"6500\"}]}],\"options\":{\"display\":{\"locale\":\"zh_TW\"}},\"returnCode\":\"0000\",\"returnMessage\":\"Success.\",\"transactionId\":\"2024031802072879310\",\"paymentAccessToken\":\"944299532944\"}', '{\"returnCode\":\"0000\",\"returnMessage\":\"Success.\",\"info\":{\"transactionId\":\"2024031802072879310\",\"orderId\":\"1710748448252\",\"payInfo\":[{\"method\":\"CREDIT_CARD\",\"amount\":24360,\"maskedCreditCardNumber\":\"************1111\"}],\"packages\":[{\"id\":\"4b0daa6d-5239-4e02-9ba0-a16051814706\",\"amount\":24360,\"userFeeAmount\":0,\"products\":[{\"id\":\"1\",\"name\":\"抗反射面鏡\",\"quantity\":2,\"price\":880},{\"id\":\"2\",\"name\":\"課程2\",\"quantity\":3,\"price\":3200},{\"id\":\"2\",\"name\":\"女款3/2MM拉鍊防寒衣\",\"quantity\":2,\"price\":6500}]}]}}', '0000', '2024-03-18 15:54:08', '{\"name\":\"劉德華\",\"phone\":\"0922222222\",\"address\":\"1市3區aa路1號\",\"store_name\":\"\"}', '', ''),
('1710748450182', '2b91b33a-9aa9-789b-7f6c-ee1ed2f776ff', 24360, NULL, 'Line pay', '宅配', '', '建立成功', '{\"orderId\":1710748450182,\"currency\":\"TWD\",\"amount\":24360,\"packages\":[{\"id\":\"ea9d953f-b2a0-4ab0-aed4-60bbe3aa48ce\",\"amount\":24360,\"products\":[{\"id\":\"1\",\"name\":\"抗反射面鏡\",\"quantity\":2,\"price\":\"880\"},{\"id\":\"2\",\"name\":\"課程2\",\"quantity\":3,\"price\":3200},{\"id\":\"2\",\"name\":\"女款3/2MM拉鍊防寒衣\",\"quantity\":2,\"price\":\"6500\"}]}],\"options\":{\"display\":{\"locale\":\"zh_TW\"}}}', NULL, NULL, NULL, '2024-03-18 15:54:10', '{\"name\":\"劉德華\",\"phone\":\"0922222222\",\"address\":\"1市3區aa路1號\",\"store_name\":\"\"}', '', ''),
('1710748558470', '2b91b33a-9aa9-789b-7f6c-ee1ed2f776ff', 24360, '2024031802072881310', 'Line pay', '宅配', '', 'paid', '{\"orderId\":1710748558470,\"currency\":\"TWD\",\"amount\":24360,\"packages\":[{\"id\":\"0c0f9575-dfa3-4be4-ab61-1511becb00f7\",\"amount\":24360,\"products\":[{\"id\":\"1\",\"name\":\"抗反射面鏡\",\"quantity\":2,\"price\":\"880\"},{\"id\":\"2\",\"name\":\"課程2\",\"quantity\":3,\"price\":3200},{\"id\":\"2\",\"name\":\"女款3/2MM拉鍊防寒衣\",\"quantity\":2,\"price\":\"6500\"}]}],\"options\":{\"display\":{\"locale\":\"zh_TW\"}}}', '{\"orderId\":1710748558470,\"currency\":\"TWD\",\"amount\":24360,\"packages\":[{\"id\":\"0c0f9575-dfa3-4be4-ab61-1511becb00f7\",\"amount\":24360,\"products\":[{\"id\":\"1\",\"name\":\"抗反射面鏡\",\"quantity\":2,\"price\":\"880\"},{\"id\":\"2\",\"name\":\"課程2\",\"quantity\":3,\"price\":3200},{\"id\":\"2\",\"name\":\"女款3/2MM拉鍊防寒衣\",\"quantity\":2,\"price\":\"6500\"}]}],\"options\":{\"display\":{\"locale\":\"zh_TW\"}},\"returnCode\":\"0000\",\"returnMessage\":\"Success.\",\"transactionId\":\"2024031802072881310\",\"paymentAccessToken\":\"182927997870\"}', '{\"returnCode\":\"0000\",\"returnMessage\":\"Success.\",\"info\":{\"transactionId\":\"2024031802072881310\",\"orderId\":\"1710748558470\",\"payInfo\":[{\"method\":\"CREDIT_CARD\",\"amount\":24360,\"maskedCreditCardNumber\":\"************1111\"}],\"packages\":[{\"id\":\"0c0f9575-dfa3-4be4-ab61-1511becb00f7\",\"amount\":24360,\"userFeeAmount\":0,\"products\":[{\"id\":\"1\",\"name\":\"抗反射面鏡\",\"quantity\":2,\"price\":880},{\"id\":\"2\",\"name\":\"課程2\",\"quantity\":3,\"price\":3200},{\"id\":\"2\",\"name\":\"女款3/2MM拉鍊防寒衣\",\"quantity\":2,\"price\":6500}]}]}}', '0000', '2024-03-18 15:55:58', '{\"name\":\"劉德華\",\"phone\":\"0922222222\",\"address\":\"1市3區aa路1號\",\"store_name\":\"\"}', '', ''),
('1710748565846', '2b91b33a-9aa9-789b-7f6c-ee1ed2f776ff', 24360, NULL, 'Line pay', '宅配', '', '建立成功', '{\"orderId\":1710748565846,\"currency\":\"TWD\",\"amount\":24360,\"packages\":[{\"id\":\"3ca4deda-1274-4bf2-928e-d5fa957320b6\",\"amount\":24360,\"products\":[{\"id\":\"1\",\"name\":\"抗反射面鏡\",\"quantity\":2,\"price\":\"880\"},{\"id\":\"2\",\"name\":\"課程2\",\"quantity\":3,\"price\":3200},{\"id\":\"2\",\"name\":\"女款3/2MM拉鍊防寒衣\",\"quantity\":2,\"price\":\"6500\"}]}],\"options\":{\"display\":{\"locale\":\"zh_TW\"}}}', NULL, NULL, NULL, '2024-03-18 15:56:05', '{\"name\":\"劉德華\",\"phone\":\"0922222222\",\"address\":\"1市3區aa路1號\",\"store_name\":\"\"}', '', ''),
('1710748753973', '2b91b33a-9aa9-789b-7f6c-ee1ed2f776ff', 24360, '2024031802072884410', 'Line pay', '宅配', '', 'paid', '{\"orderId\":1710748753973,\"currency\":\"TWD\",\"amount\":24360,\"packages\":[{\"id\":\"a207d36e-774f-44b5-becd-4aaf58e7532e\",\"amount\":24360,\"products\":[{\"id\":\"1\",\"name\":\"抗反射面鏡\",\"quantity\":2,\"price\":\"880\"},{\"id\":\"2\",\"name\":\"課程2\",\"quantity\":3,\"price\":3200},{\"id\":\"2\",\"name\":\"女款3/2MM拉鍊防寒衣\",\"quantity\":2,\"price\":\"6500\"}]}],\"options\":{\"display\":{\"locale\":\"zh_TW\"}}}', '{\"orderId\":1710748753973,\"currency\":\"TWD\",\"amount\":24360,\"packages\":[{\"id\":\"a207d36e-774f-44b5-becd-4aaf58e7532e\",\"amount\":24360,\"products\":[{\"id\":\"1\",\"name\":\"抗反射面鏡\",\"quantity\":2,\"price\":\"880\"},{\"id\":\"2\",\"name\":\"課程2\",\"quantity\":3,\"price\":3200},{\"id\":\"2\",\"name\":\"女款3/2MM拉鍊防寒衣\",\"quantity\":2,\"price\":\"6500\"}]}],\"options\":{\"display\":{\"locale\":\"zh_TW\"}},\"returnCode\":\"0000\",\"returnMessage\":\"Success.\",\"transactionId\":\"2024031802072884410\",\"paymentAccessToken\":\"261255405001\"}', '{\"returnCode\":\"0000\",\"returnMessage\":\"Success.\",\"info\":{\"transactionId\":\"2024031802072884410\",\"orderId\":\"1710748753973\",\"payInfo\":[{\"method\":\"CREDIT_CARD\",\"amount\":24360,\"maskedCreditCardNumber\":\"************1111\"}],\"packages\":[{\"id\":\"a207d36e-774f-44b5-becd-4aaf58e7532e\",\"amount\":24360,\"userFeeAmount\":0,\"products\":[{\"id\":\"1\",\"name\":\"抗反射面鏡\",\"quantity\":2,\"price\":880},{\"id\":\"2\",\"name\":\"課程2\",\"quantity\":3,\"price\":3200},{\"id\":\"2\",\"name\":\"女款3/2MM拉鍊防寒衣\",\"quantity\":2,\"price\":6500}]}]}}', '0000', '2024-03-18 15:59:13', '{\"name\":\"劉德華\",\"phone\":\"0922222222\",\"address\":\"1市3區aa路1號\",\"store_name\":\"\"}', '', ''),
('1710748755581', '2b91b33a-9aa9-789b-7f6c-ee1ed2f776ff', 24360, NULL, 'Line pay', '宅配', '', '建立成功', '{\"orderId\":1710748755581,\"currency\":\"TWD\",\"amount\":24360,\"packages\":[{\"id\":\"0d2a8d51-b4dd-4ae5-9018-a72dfa74e2e7\",\"amount\":24360,\"products\":[{\"id\":\"1\",\"name\":\"抗反射面鏡\",\"quantity\":2,\"price\":\"880\"},{\"id\":\"2\",\"name\":\"課程2\",\"quantity\":3,\"price\":3200},{\"id\":\"2\",\"name\":\"女款3/2MM拉鍊防寒衣\",\"quantity\":2,\"price\":\"6500\"}]}],\"options\":{\"display\":{\"locale\":\"zh_TW\"}}}', NULL, NULL, NULL, '2024-03-18 15:59:15', '{\"name\":\"劉德華\",\"phone\":\"0922222222\",\"address\":\"1市3區aa路1號\",\"store_name\":\"\"}', '', ''),
('1710748846368', '2b91b33a-9aa9-789b-7f6c-ee1ed2f776ff', 24360, '2024031802072886010', 'Line pay', '宅配', '', 'paid', '{\"orderId\":1710748846368,\"currency\":\"TWD\",\"amount\":24360,\"packages\":[{\"id\":\"d5fd7a45-0b34-46af-afeb-2bc8a256c61b\",\"amount\":24360,\"products\":[{\"id\":\"1\",\"name\":\"抗反射面鏡\",\"quantity\":2,\"price\":\"880\"},{\"id\":\"2\",\"name\":\"課程2\",\"quantity\":3,\"price\":3200},{\"id\":\"2\",\"name\":\"女款3/2MM拉鍊防寒衣\",\"quantity\":2,\"price\":\"6500\"}]}],\"options\":{\"display\":{\"locale\":\"zh_TW\"}}}', '{\"orderId\":1710748846368,\"currency\":\"TWD\",\"amount\":24360,\"packages\":[{\"id\":\"d5fd7a45-0b34-46af-afeb-2bc8a256c61b\",\"amount\":24360,\"products\":[{\"id\":\"1\",\"name\":\"抗反射面鏡\",\"quantity\":2,\"price\":\"880\"},{\"id\":\"2\",\"name\":\"課程2\",\"quantity\":3,\"price\":3200},{\"id\":\"2\",\"name\":\"女款3/2MM拉鍊防寒衣\",\"quantity\":2,\"price\":\"6500\"}]}],\"options\":{\"display\":{\"locale\":\"zh_TW\"}},\"returnCode\":\"0000\",\"returnMessage\":\"Success.\",\"transactionId\":\"2024031802072886010\",\"paymentAccessToken\":\"278742741913\"}', '{\"returnCode\":\"0000\",\"returnMessage\":\"Success.\",\"info\":{\"transactionId\":\"2024031802072886010\",\"orderId\":\"1710748846368\",\"payInfo\":[{\"method\":\"CREDIT_CARD\",\"amount\":24360,\"maskedCreditCardNumber\":\"************1111\"}],\"packages\":[{\"id\":\"d5fd7a45-0b34-46af-afeb-2bc8a256c61b\",\"amount\":24360,\"userFeeAmount\":0,\"products\":[{\"id\":\"1\",\"name\":\"抗反射面鏡\",\"quantity\":2,\"price\":880},{\"id\":\"2\",\"name\":\"課程2\",\"quantity\":3,\"price\":3200},{\"id\":\"2\",\"name\":\"女款3/2MM拉鍊防寒衣\",\"quantity\":2,\"price\":6500}]}]}}', '0000', '2024-03-18 16:00:46', '{\"name\":\"劉德華\",\"phone\":\"0922222222\",\"address\":\"1市3區aa路1號\",\"store_name\":\"\"}', '', ''),
('1710749035691', '2b91b33a-9aa9-789b-7f6c-ee1ed2f776ff', 24360, '2024031802072888810', 'Line pay', '宅配', '', 'paid', '{\"orderId\":1710749035691,\"currency\":\"TWD\",\"amount\":24360,\"packages\":[{\"id\":\"5cb3ef28-af94-4bb5-8af8-b4433db28f8f\",\"amount\":24360,\"products\":[{\"id\":\"1\",\"name\":\"抗反射面鏡\",\"quantity\":2,\"price\":\"880\"},{\"id\":\"2\",\"name\":\"課程2\",\"quantity\":3,\"price\":3200},{\"id\":\"2\",\"name\":\"女款3/2MM拉鍊防寒衣\",\"quantity\":2,\"price\":\"6500\"}]}],\"options\":{\"display\":{\"locale\":\"zh_TW\"}}}', '{\"orderId\":1710749035691,\"currency\":\"TWD\",\"amount\":24360,\"packages\":[{\"id\":\"5cb3ef28-af94-4bb5-8af8-b4433db28f8f\",\"amount\":24360,\"products\":[{\"id\":\"1\",\"name\":\"抗反射面鏡\",\"quantity\":2,\"price\":\"880\"},{\"id\":\"2\",\"name\":\"課程2\",\"quantity\":3,\"price\":3200},{\"id\":\"2\",\"name\":\"女款3/2MM拉鍊防寒衣\",\"quantity\":2,\"price\":\"6500\"}]}],\"options\":{\"display\":{\"locale\":\"zh_TW\"}},\"returnCode\":\"0000\",\"returnMessage\":\"Success.\",\"transactionId\":\"2024031802072888810\",\"paymentAccessToken\":\"216889906709\"}', '{\"returnCode\":\"0000\",\"returnMessage\":\"Success.\",\"info\":{\"transactionId\":\"2024031802072888810\",\"orderId\":\"1710749035691\",\"payInfo\":[{\"method\":\"CREDIT_CARD\",\"amount\":24360,\"maskedCreditCardNumber\":\"************1111\"}],\"packages\":[{\"id\":\"5cb3ef28-af94-4bb5-8af8-b4433db28f8f\",\"amount\":24360,\"userFeeAmount\":0,\"products\":[{\"id\":\"1\",\"name\":\"抗反射面鏡\",\"quantity\":2,\"price\":880},{\"id\":\"2\",\"name\":\"課程2\",\"quantity\":3,\"price\":3200},{\"id\":\"2\",\"name\":\"女款3/2MM拉鍊防寒衣\",\"quantity\":2,\"price\":6500}]}]}}', '0000', '2024-03-18 16:03:55', '{\"name\":\"劉德華\",\"phone\":\"0922222222\",\"address\":\"1市3區aa路1號\",\"store_name\":\"\"}', '', ''),
('1710749190196', '2b91b33a-9aa9-789b-7f6c-ee1ed2f776ff', 24360, '2024031802072891610', 'Line pay', '宅配', '', 'paid', '{\"orderId\":1710749190196,\"currency\":\"TWD\",\"amount\":24360,\"packages\":[{\"id\":\"aaa0321f-1d78-4507-9a04-3b83b621611f\",\"amount\":24360,\"products\":[{\"id\":\"1\",\"name\":\"抗反射面鏡\",\"quantity\":2,\"price\":\"880\"},{\"id\":\"2\",\"name\":\"課程2\",\"quantity\":3,\"price\":3200},{\"id\":\"2\",\"name\":\"女款3/2MM拉鍊防寒衣\",\"quantity\":2,\"price\":\"6500\"}]}],\"options\":{\"display\":{\"locale\":\"zh_TW\"}}}', '{\"orderId\":1710749190196,\"currency\":\"TWD\",\"amount\":24360,\"packages\":[{\"id\":\"aaa0321f-1d78-4507-9a04-3b83b621611f\",\"amount\":24360,\"products\":[{\"id\":\"1\",\"name\":\"抗反射面鏡\",\"quantity\":2,\"price\":\"880\"},{\"id\":\"2\",\"name\":\"課程2\",\"quantity\":3,\"price\":3200},{\"id\":\"2\",\"name\":\"女款3/2MM拉鍊防寒衣\",\"quantity\":2,\"price\":\"6500\"}]}],\"options\":{\"display\":{\"locale\":\"zh_TW\"}},\"returnCode\":\"0000\",\"returnMessage\":\"Success.\",\"transactionId\":\"2024031802072891610\",\"paymentAccessToken\":\"259655358515\"}', '{\"returnCode\":\"0000\",\"returnMessage\":\"Success.\",\"info\":{\"transactionId\":\"2024031802072891610\",\"orderId\":\"1710749190196\",\"payInfo\":[{\"method\":\"CREDIT_CARD\",\"amount\":24360,\"maskedCreditCardNumber\":\"************1111\"}],\"packages\":[{\"id\":\"aaa0321f-1d78-4507-9a04-3b83b621611f\",\"amount\":24360,\"userFeeAmount\":0,\"products\":[{\"id\":\"1\",\"name\":\"抗反射面鏡\",\"quantity\":2,\"price\":880},{\"id\":\"2\",\"name\":\"課程2\",\"quantity\":3,\"price\":3200},{\"id\":\"2\",\"name\":\"女款3/2MM拉鍊防寒衣\",\"quantity\":2,\"price\":6500}]}]}}', '0000', '2024-03-18 16:06:30', '{\"name\":\"劉德華\",\"phone\":\"0922222222\",\"address\":\"1市3區aa路1號\",\"store_name\":\"\"}', '', ''),
('1711007111371', '2b91b33a-9aa9-789b-7f6c-ee1ed2f776ff', 8110, NULL, '取貨付款', '宅配', '{\"id\":1,\"name\":\"雙11限時搶購｜全站消費滿1111優惠200元\",\"discount\":200,\"finalPrice\":8110,\"rule\":1111}', '建立成功', NULL, NULL, NULL, NULL, '2024-03-21 15:45:11', '{\"name\":\"劉德華\",\"phone\":\"0922222222\",\"address\":\"1市3區aa路1號\",\"store_name\":\"\"}', '', ''),
('1711007603434', '2b91b33a-9aa9-789b-7f6c-ee1ed2f776ff', 9900, NULL, '取貨付款', '宅配', '', '建立成功', NULL, NULL, NULL, NULL, '2024-03-21 15:53:23', '{\"name\":\"劉德華\",\"phone\":\"0922222222\",\"address\":\"1市3區aa路1號\",\"store_name\":\"\"}', '', ''),
('1711107232531', '2b91b33a-9aa9-789b-7f6c-ee1ed2f776ff', 7380, NULL, '取貨付款', '宅配', 'null', '建立成功', NULL, NULL, NULL, NULL, '2024-03-22 19:33:52', '{\"name\":\"劉德華\",\"phone\":\"0922222222\",\"address\":\"aa路1號\",\"store_name\":\"\"}', '', ''),
('1711107281085', '2b91b33a-9aa9-789b-7f6c-ee1ed2f776ff', 880, NULL, '信用卡付款', '宅配', 'null', '建立成功', NULL, NULL, NULL, NULL, '2024-03-22 19:34:41', '{\"name\":\"劉德華\",\"phone\":\"0922222222\",\"address\":\"aa路1號\",\"store_name\":\"\"}', '{\"number\":\"1245-3151-4541-3545\",\"securityCode\":\"123\",\"expirationDate\":\"11/22\",\"name\":\"劉德華\",\"address\":\"1市,1區,aa路1號\"}', ''),
('1711108215218', '2b91b33a-9aa9-789b-7f6c-ee1ed2f776ff', 23792, NULL, '取貨付款', '宅配', '{\"id\":5,\"name\":\"春節課程優惠，消費滿3000優惠9折\",\"discount\":2638,\"finalPrice\":23792,\"rule\":3000}', '建立成功', NULL, NULL, NULL, NULL, '2024-03-22 19:50:15', '{\"name\":\"劉德華\",\"phone\":\"0922222222\",\"address\":\"aa路1號\",\"store_name\":\"\"}', '', ''),
('1dd0b01a-68dc-4b1d-938f-1e3163908b85', '2b91b33a-9aa9-789b-7f6c-ee1ed2f776ff', 10050, NULL, '取貨付款', '宅配', '', '建立成功', NULL, NULL, NULL, NULL, '2024-03-12 15:27:05', '{\"name\":\"劉德\",\"phone\":\"0900000001\",\"address\":\"3市cc路199號\"}', '', ''),
('5960d747-b35e-48b3-9ec2-10526d85fbb0', '2b91b33a-9aa9-789b-7f6c-ee1ed2f776ff', 10050, NULL, '取貨付款', '宅配', '', '建立成功', NULL, NULL, NULL, NULL, '2024-03-12 15:08:37', '{\"name\":\"劉德華\",\"phone\":\"0922222222\",\"address\":\"aa路1號\"}', '', 'Test1'),
('76bf7478-b8d8-4a19-98aa-6eb2861b8eb2', '2b91b33a-9aa9-789b-7f6c-ee1ed2f776ff', 10050, NULL, '取貨付款', '宅配', '', '建立成功', NULL, NULL, NULL, NULL, '2024-03-12 16:22:41', '{\"name\":\"劉德華\",\"phone\":\"0922222222\",\"address\":\"aa路1號\"}', '{\"number\":\"1513-2448-9489-7556\",\"securityCode\":\"189\",\"expirationDate\":\"03/25\",\"name\":\"劉德華\",\"address\":\"1市,1區,aa路1號\"}', ''),
('7a88e07b-acc9-4aa7-85bc-cb13ed261e11', '2b91b33a-9aa9-789b-7f6c-ee1ed2f776ff', 10050, '2024031202068696310', 'Line pay', '宅配', '', '建立成功', '{\"orderId\":\"7a88e07b-acc9-4aa7-85bc-cb13ed261e11\",\"currency\":\"TWD\",\"amount\":10050,\"packages\":[{\"id\":\"b2f10ab2-2eef-4402-b63d-a2e30e1accf7\",\"amount\":10050,\"products\":[{\"id\":\"1\",\"name\":\"商品1\",\"quantity\":2,\"price\":200},{\"id\":\"2\",\"name\":\"課程2\",\"quantity\":3,\"price\":3200},{\"id\":\"2\",\"name\":\"商品2\",\"quantity\":2,\"price\":25}]}],\"options\":{\"display\":{\"locale\":\"zh_TW\"}}}', '{\"orderId\":\"7a88e07b-acc9-4aa7-85bc-cb13ed261e11\",\"currency\":\"TWD\",\"amount\":10050,\"packages\":[{\"id\":\"b2f10ab2-2eef-4402-b63d-a2e30e1accf7\",\"amount\":10050,\"products\":[{\"id\":\"1\",\"name\":\"商品1\",\"quantity\":2,\"price\":200},{\"id\":\"2\",\"name\":\"課程2\",\"quantity\":3,\"price\":3200},{\"id\":\"2\",\"name\":\"商品2\",\"quantity\":2,\"price\":25}]}],\"options\":{\"display\":{\"locale\":\"zh_TW\"}},\"returnCode\":\"0000\",\"returnMessage\":\"Success.\",\"transactionId\":\"2024031202068696310\",\"paymentAccessToken\":\"201961574591\"}', NULL, NULL, '2024-03-12 15:37:58', '{\"name\":\"劉德華\",\"phone\":\"0922222222\",\"address\":\"aa路1號\"}', '', ''),
('81ffd98f-4973-4d54-a9f4-e8bf974a9d41', '2b91b33a-9aa9-789b-7f6c-ee1ed2f776ff', 10050, NULL, '取貨付款', '宅配', '', '建立成功', NULL, NULL, NULL, NULL, '2024-03-12 16:24:21', '{\"name\":\"劉德華\",\"phone\":\"0922222222\",\"address\":\"aa路115號\"}', '', ''),
('8873c5af-3018-4778-9e9b-7cdbd0d111c6', '2b91b33a-9aa9-789b-7f6c-ee1ed2f776ff', 10050, NULL, '取貨付款', '宅配', '', '建立成功', NULL, NULL, NULL, NULL, '2024-03-12 16:24:36', '{\"name\":\"劉德華\",\"phone\":\"0922222222\",\"address\":\"dd路1號\"}', '', ''),
('a4f21bc0-2db9-422c-b64d-1df39965d26d', '2b91b33a-9aa9-789b-7f6c-ee1ed2f776ff', 10050, NULL, '取貨付款', '宅配', '', '建立成功', NULL, NULL, NULL, NULL, '2024-03-12 15:26:20', '{\"name\":\"劉德華\",\"phone\":\"0922222222\",\"address\":\"2市3區aa路1號\"}', '', ''),
('a552d080-cf6b-463b-a67d-a2815f7abc33', '2b91b33a-9aa9-789b-7f6c-ee1ed2f776ff', 10050, NULL, '取貨付款', '宅配', '', '建立成功', NULL, NULL, NULL, NULL, '2024-03-12 16:23:08', '{\"name\":\"劉德華\",\"phone\":\"0922222222\",\"address\":\"aa路1號\"}', '{\"number\":\"5787-6967-7365-6848\",\"securityCode\":\"951\",\"expirationDate\":\"04/30\",\"name\":\"劉德華\",\"address\":\"1市,1區,aa路1號\"}', ''),
('ae425e9c-65e7-4c4e-a244-610d45c53000', '2b91b33a-9aa9-789b-7f6c-ee1ed2f776ff', 10050, NULL, '取貨付款', '宅配', '', '建立成功', NULL, NULL, NULL, NULL, '2024-03-12 15:26:35', '{\"name\":\"劉德華\",\"phone\":\"0922222222\",\"address\":\"3市aa路15號\"}', '', ''),
('b5b41b81-277d-4588-b728-b87acdb9a476', '2b91b33a-9aa9-789b-7f6c-ee1ed2f776ff', 10050, '2024031202068728510', 'Line pay', '宅配', '', '建立成功', '{\"orderId\":\"b5b41b81-277d-4588-b728-b87acdb9a476\",\"currency\":\"TWD\",\"amount\":10050,\"packages\":[{\"id\":\"c6405229-e828-4002-a6a5-23adf0e752a6\",\"amount\":10050,\"products\":[{\"id\":\"1\",\"name\":\"商品1\",\"quantity\":2,\"price\":200},{\"id\":\"2\",\"name\":\"課程2\",\"quantity\":3,\"price\":3200},{\"id\":\"2\",\"name\":\"商品2\",\"quantity\":2,\"price\":25}]}],\"options\":{\"display\":{\"locale\":\"zh_TW\"}}}', '{\"orderId\":\"b5b41b81-277d-4588-b728-b87acdb9a476\",\"currency\":\"TWD\",\"amount\":10050,\"packages\":[{\"id\":\"c6405229-e828-4002-a6a5-23adf0e752a6\",\"amount\":10050,\"products\":[{\"id\":\"1\",\"name\":\"商品1\",\"quantity\":2,\"price\":200},{\"id\":\"2\",\"name\":\"課程2\",\"quantity\":3,\"price\":3200},{\"id\":\"2\",\"name\":\"商品2\",\"quantity\":2,\"price\":25}]}],\"options\":{\"display\":{\"locale\":\"zh_TW\"}},\"returnCode\":\"0000\",\"returnMessage\":\"Success.\",\"transactionId\":\"2024031202068728510\",\"paymentAccessToken\":\"319656314162\"}', NULL, NULL, '2024-03-12 16:25:05', '{\"name\":\"劉德華\",\"phone\":\"0922222222\",\"address\":\"qq路65號\"}', '', ''),
('d072239a-38e2-46b3-b111-c40baf16eb36', '2b91b33a-9aa9-789b-7f6c-ee1ed2f776ff', 10050, NULL, '取貨付款', '宅配', '', '建立成功', NULL, NULL, NULL, NULL, '2024-03-12 15:28:08', '{\"name\":\"劉德華\",\"phone\":\"0922222222\",\"address\":\"aa路1號\"}', '{\"number\":\"9519-1561-5619-5191\",\"securityCode\":\"625\",\"expirationDate\":\"01/11\",\"name\":\"劉德華\",\"address\":\"1市,1區,aa路1號\"}', '');

-- --------------------------------------------------------

--
-- 資料表結構 `order_detail`
--

CREATE TABLE `order_detail` (
  `id` int(255) NOT NULL,
  `order_id` varchar(255) NOT NULL,
  `product_id` varchar(255) DEFAULT NULL,
  `lesson_id` varchar(255) DEFAULT NULL,
  `num` int(11) NOT NULL,
  `order_time` varchar(255) DEFAULT NULL,
  `product_detail` varchar(255) DEFAULT NULL
) ENGINE=InnoDB DEFAULT CHARSET=utf8mb4 COLLATE=utf8mb4_unicode_ci;

--
-- 傾印資料表的資料 `order_detail`
--

INSERT INTO `order_detail` (`id`, `order_id`, `product_id`, `lesson_id`, `num`, `order_time`, `product_detail`) VALUES
(1, '5960d747-b35e-48b3-9ec2-10526d85fbb0', '1', NULL, 2, NULL, '黑/S'),
(2, '5960d747-b35e-48b3-9ec2-10526d85fbb0', NULL, '2', 3, '1', NULL),
(3, '5960d747-b35e-48b3-9ec2-10526d85fbb0', '2', NULL, 2, NULL, '灰/M'),
(4, '0bc5829e-3d2a-411f-81cd-30d7c95b6c2a', '2', NULL, 2, NULL, '灰/M'),
(5, '0bc5829e-3d2a-411f-81cd-30d7c95b6c2a', NULL, '2', 3, '1', NULL),
(6, '0bc5829e-3d2a-411f-81cd-30d7c95b6c2a', '1', NULL, 2, NULL, '黑/S'),
(7, 'a4f21bc0-2db9-422c-b64d-1df39965d26d', '2', NULL, 2, NULL, '灰/M'),
(8, 'a4f21bc0-2db9-422c-b64d-1df39965d26d', NULL, '2', 3, '1', NULL),
(9, 'a4f21bc0-2db9-422c-b64d-1df39965d26d', '1', NULL, 2, NULL, '黑/S'),
(10, 'ae425e9c-65e7-4c4e-a244-610d45c53000', '1', NULL, 2, NULL, '黑/S'),
(11, 'ae425e9c-65e7-4c4e-a244-610d45c53000', NULL, '2', 3, '1', NULL),
(12, 'ae425e9c-65e7-4c4e-a244-610d45c53000', '2', NULL, 2, NULL, '灰/M'),
(13, '1dd0b01a-68dc-4b1d-938f-1e3163908b85', '1', NULL, 2, NULL, '黑/S'),
(14, '1dd0b01a-68dc-4b1d-938f-1e3163908b85', NULL, '2', 3, '1', NULL),
(15, '1dd0b01a-68dc-4b1d-938f-1e3163908b85', '2', NULL, 2, NULL, '灰/M'),
(16, 'd072239a-38e2-46b3-b111-c40baf16eb36', NULL, '2', 3, '1', NULL),
(17, 'd072239a-38e2-46b3-b111-c40baf16eb36', '1', NULL, 2, NULL, '黑/S'),
(18, 'd072239a-38e2-46b3-b111-c40baf16eb36', '2', NULL, 2, NULL, '灰/M'),
(19, '7a88e07b-acc9-4aa7-85bc-cb13ed261e11', NULL, '2', 3, '1', NULL),
(20, '7a88e07b-acc9-4aa7-85bc-cb13ed261e11', '1', NULL, 2, NULL, NULL),
(21, '7a88e07b-acc9-4aa7-85bc-cb13ed261e11', '2', NULL, 2, NULL, NULL),
(22, '0f9c2650-ec8b-4078-954e-99eee4f8c8b4', '1', NULL, 2, NULL, '黑/S'),
(23, '0f9c2650-ec8b-4078-954e-99eee4f8c8b4', NULL, '2', 3, '1', NULL),
(24, '0f9c2650-ec8b-4078-954e-99eee4f8c8b4', '2', NULL, 2, NULL, '灰/M'),
(25, '76bf7478-b8d8-4a19-98aa-6eb2861b8eb2', '1', NULL, 2, NULL, '黑/S'),
(26, '76bf7478-b8d8-4a19-98aa-6eb2861b8eb2', NULL, '2', 3, '1', NULL),
(27, '76bf7478-b8d8-4a19-98aa-6eb2861b8eb2', '2', NULL, 2, NULL, '灰/M'),
(28, 'a552d080-cf6b-463b-a67d-a2815f7abc33', '1', NULL, 2, NULL, '黑/S'),
(29, 'a552d080-cf6b-463b-a67d-a2815f7abc33', NULL, '2', 3, '1', NULL),
(30, 'a552d080-cf6b-463b-a67d-a2815f7abc33', '2', NULL, 2, NULL, '灰/M'),
(31, '13e3c5f6-bc49-4e26-8f0d-1ff952a40273', '1', NULL, 2, NULL, '黑/S'),
(32, '13e3c5f6-bc49-4e26-8f0d-1ff952a40273', '2', NULL, 2, NULL, '灰/M'),
(33, '13e3c5f6-bc49-4e26-8f0d-1ff952a40273', NULL, '2', 3, '1', NULL),
(34, '81ffd98f-4973-4d54-a9f4-e8bf974a9d41', '1', NULL, 2, NULL, '黑/S'),
(35, '81ffd98f-4973-4d54-a9f4-e8bf974a9d41', '2', NULL, 2, NULL, '灰/M'),
(36, '81ffd98f-4973-4d54-a9f4-e8bf974a9d41', NULL, '2', 3, '1', NULL),
(37, '01a32e8c-20d9-46fd-8404-87591f1e2f86', '1', NULL, 2, NULL, '黑/S'),
(38, '01a32e8c-20d9-46fd-8404-87591f1e2f86', NULL, '2', 3, '1', NULL),
(39, '01a32e8c-20d9-46fd-8404-87591f1e2f86', '2', NULL, 2, NULL, '灰/M'),
(40, '8873c5af-3018-4778-9e9b-7cdbd0d111c6', '1', NULL, 2, NULL, '黑/S'),
(41, '8873c5af-3018-4778-9e9b-7cdbd0d111c6', NULL, '2', 3, '1', NULL),
(42, '8873c5af-3018-4778-9e9b-7cdbd0d111c6', '2', NULL, 2, NULL, '灰/M'),
(43, 'b5b41b81-277d-4588-b728-b87acdb9a476', NULL, '2', 3, '1', NULL),
(44, 'b5b41b81-277d-4588-b728-b87acdb9a476', '1', NULL, 2, NULL, NULL),
(45, 'b5b41b81-277d-4588-b728-b87acdb9a476', '2', NULL, 2, NULL, NULL),
(46, '1710472201734', '1', NULL, 2, NULL, '黑/S'),
(47, '1710472201734', '2', NULL, 2, NULL, '灰/M'),
(48, '1710472201734', NULL, '2', 3, '1', NULL),
(49, '1710474036552', '1', NULL, 2, NULL, '黑/S'),
(50, '1710474036552', NULL, '2', 3, '1', NULL),
(51, '1710474036552', '2', NULL, 2, NULL, '灰/M'),
(52, '1710474076493', '1', NULL, 2, NULL, '黑/S'),
(53, '1710474076493', NULL, '2', 3, '1', NULL),
(54, '1710474076493', '2', NULL, 2, NULL, '灰/M'),
(55, '1710481101864', '1', NULL, 2, NULL, '黑/S'),
(56, '1710481101864', NULL, '2', 3, '1', NULL),
(57, '1710481101864', '2', NULL, 2, NULL, '灰/M'),
(58, '1710481175528', '2', NULL, 2, NULL, '灰/M'),
(59, '1710481175528', NULL, '2', 3, '1', NULL),
(60, '1710481175528', '1', NULL, 2, NULL, '黑/S'),
(61, '1710481207642', NULL, '2', 3, '1', NULL),
(62, '1710481207642', '1', NULL, 2, NULL, NULL),
(63, '1710481207642', '2', NULL, 2, NULL, NULL),
(64, '1710481497944', '1', NULL, 2, NULL, NULL),
(65, '1710481497944', NULL, '2', 3, '1', NULL),
(66, '1710481497944', '2', NULL, 2, NULL, NULL),
(67, '1710482134286', NULL, '2', 3, '1', NULL),
(68, '1710482134286', '1', NULL, 2, NULL, '黑/S'),
(69, '1710482134286', '2', NULL, 2, NULL, '灰/M'),
(70, '1710484262374', '1', NULL, 2, NULL, '黑/S'),
(71, '1710484262374', NULL, '2', 3, '1', NULL),
(72, '1710484262374', '2', NULL, 2, NULL, '灰/M'),
(73, '1710484469093', '1', NULL, 2, NULL, '黑/S'),
(74, '1710484469093', NULL, '2', 3, '1', NULL),
(75, '1710484469093', '2', NULL, 2, NULL, '灰/M'),
(76, '1710484504356', '1', NULL, 2, NULL, '黑/S'),
(77, '1710484504356', '2', NULL, 2, NULL, '灰/M'),
(78, '1710484504356', NULL, '2', 3, '1', NULL),
(79, '1710484585612', '1', NULL, 2, NULL, '黑/S'),
(80, '1710484585612', '2', NULL, 2, NULL, '灰/M'),
(81, '1710484585612', NULL, '2', 3, '1', NULL),
(82, '1710484666585', '1', NULL, 2, NULL, '黑/S'),
(83, '1710484666585', NULL, '2', 3, '1', NULL),
(84, '1710484666585', '2', NULL, 2, NULL, '灰/M'),
(85, '1710484785845', '2', NULL, 2, NULL, '灰/M'),
(86, '1710484785845', '1', NULL, 2, NULL, '黑/S'),
(87, '1710484785845', NULL, '2', 3, '1', NULL),
(88, '1710484868628', NULL, '2', 3, '1', NULL),
(89, '1710484868628', '1', NULL, 2, NULL, NULL),
(90, '1710484868628', '2', NULL, 2, NULL, NULL),
(91, '1710485056772', '1', NULL, 2, NULL, '黑/S'),
(92, '1710485056772', NULL, '2', 3, '1', NULL),
(93, '1710485056772', '2', NULL, 2, NULL, '灰/M'),
(94, '1710485083513', '2', NULL, 2, NULL, NULL),
(95, '1710485083513', '1', NULL, 2, NULL, NULL),
(96, '1710485083513', NULL, '2', 3, '1', NULL),
(97, '1710485281095', '1', NULL, 2, NULL, NULL),
(98, '1710485281095', NULL, '2', 3, '1', NULL),
(99, '1710485281095', '2', NULL, 2, NULL, NULL),
(100, '2b91b33a-9aa9-789b-7f6c-ee1ed2f776ff', '1', NULL, 2, NULL, NULL),
(101, '1710485332556', NULL, '2', 3, '1', NULL),
(102, '1710485332556', '2', NULL, 2, NULL, NULL),
(103, '1710485590680', '1', NULL, 2, NULL, '黑/S'),
(104, '1710485590680', NULL, '2', 3, '1', NULL),
(105, '1710485590680', '2', NULL, 2, NULL, '灰/M'),
(106, '1710485622900', '1', NULL, 2, NULL, NULL),
(107, '1710485622900', NULL, '2', 3, '1', NULL),
(108, '1710485622900', '2', NULL, 2, NULL, NULL),
(109, '1710485675943', '1', NULL, 2, NULL, NULL),
(110, '1710485675943', '2', NULL, 2, NULL, NULL),
(111, '1710485675943', NULL, '2', 3, '1', NULL),
(112, '1710486182596', '1', NULL, 2, NULL, '黑/S'),
(113, '1710486182596', NULL, '2', 3, '1', NULL),
(114, '1710486182596', '2', NULL, 2, NULL, '灰/M'),
(115, '1710486194411', '2', NULL, 2, NULL, NULL),
(116, '1710486194411', '1', NULL, 2, NULL, NULL),
(117, '1710486194411', NULL, '2', 3, '1', NULL),
(118, '1710486750188', NULL, '2', 3, '1', NULL),
(119, '1710486750188', '2', NULL, 2, NULL, NULL),
(120, '1710486750188', '1', NULL, 2, NULL, NULL),
(121, '1710486845658', '1', NULL, 2, NULL, NULL),
(122, '1710486845658', NULL, '2', 3, '1', NULL),
(123, '1710486845658', '2', NULL, 2, NULL, NULL),
(124, '1710486917028', '1', NULL, 2, NULL, NULL),
(125, '1710486917028', '2', NULL, 2, NULL, NULL),
(126, '1710486917028', NULL, '2', 3, '1', NULL),
(127, '1710487023955', NULL, '2', 3, '1', NULL),
(128, '1710487023955', '1', NULL, 2, NULL, NULL),
(129, '1710487023955', '2', NULL, 2, NULL, NULL),
(130, '1710487752622', NULL, '2', 3, '1', NULL),
(131, '1710487752622', '2', NULL, 2, NULL, '灰/M'),
(132, '1710487752622', '1', NULL, 2, NULL, '黑/S'),
(133, '1710487821018', NULL, '2', 3, '1', NULL),
(134, '1710487821018', '1', NULL, 2, NULL, '黑/S'),
(135, '1710487821018', '2', NULL, 2, NULL, '灰/M'),
(136, '1710488146399', NULL, '2', 3, '1', NULL),
(137, '1710488146399', '1', NULL, 2, NULL, '黑/S'),
(138, '1710488146399', '2', NULL, 2, NULL, '灰/M'),
(139, '1710488217823', '1', NULL, 2, NULL, '黑/S'),
(140, '1710488217823', NULL, '2', 3, '1', NULL),
(141, '1710488217823', '2', NULL, 2, NULL, '灰/M'),
(142, '1710488605151', '1', NULL, 2, NULL, '黑/S'),
(143, '1710488605151', '2', NULL, 2, NULL, '灰/M'),
(144, '1710488605151', NULL, '2', 3, '1', NULL),
(145, '1710489690818', '1', NULL, 2, NULL, '黑/S'),
(146, '1710489690818', '2', NULL, 2, NULL, '灰/M'),
(147, '1710489690818', NULL, '2', 3, '1', NULL),
(148, '1710489845375', '1', NULL, 2, NULL, '黑/S'),
(149, '1710489845375', NULL, '2', 3, '1', NULL),
(150, '1710489845375', '2', NULL, 2, NULL, '灰/M'),
(151, '1710489910044', '1', NULL, 2, NULL, '黑/S'),
(152, '1710489910044', NULL, '2', 3, '1', NULL),
(153, '1710489910044', '2', NULL, 2, NULL, '灰/M'),
(154, '1710489946188', '1', NULL, 1, NULL, '黑/S'),
(155, '1710489946188', NULL, '2', 1, '1', NULL),
(156, '1710490832131', '1', NULL, 2, NULL, '黑/S'),
(157, '1710490832131', NULL, '2', 3, '1', NULL),
(158, '1710490832131', '2', NULL, 2, NULL, '灰/M'),
(159, '1710490862155', '1', NULL, 2, NULL, '黑/S'),
(160, '1710490862155', NULL, '2', 3, '1', NULL),
(161, '1710490862155', '2', NULL, 2, NULL, '灰/M'),
(162, '1710490931505', '1', NULL, 2, NULL, '黑/S'),
(163, '1710490931505', NULL, '2', 3, '1', NULL),
(164, '1710490931505', '2', NULL, 2, NULL, '灰/M'),
(165, '1710731443358', NULL, '2', 3, '1', NULL),
(166, '1710731443358', '1', NULL, 2, NULL, NULL),
(167, '1710731443358', '2', NULL, 2, NULL, NULL),
(168, '1710731964899', '1', NULL, 2, NULL, '黑/S'),
(169, '1710731964899', NULL, '2', 3, '1', NULL),
(170, '1710731964899', '2', NULL, 2, NULL, '灰/M'),
(171, '1710732138290', '1', NULL, 2, NULL, '黑/S'),
(172, '1710732138290', NULL, '2', 3, '1', NULL),
(173, '1710732138290', '2', NULL, 2, NULL, '灰/M'),
(174, '1710732571184', '1', NULL, 2, NULL, '黑/S'),
(175, '1710732571184', NULL, '2', 3, '1', NULL),
(176, '1710732571184', '2', NULL, 2, NULL, '灰/M'),
(177, '1710740858635', '1', NULL, 2, NULL, '黑/S'),
(178, '1710740858635', '2', NULL, 2, NULL, '灰/M'),
(179, '1710740858635', NULL, '2', 3, '1', NULL),
(180, '1710741210306', NULL, '2', 3, '1', NULL),
(181, '1710741210306', '2', NULL, 2, NULL, NULL),
(182, '1710741210306', '1', NULL, 2, NULL, NULL),
(183, '1710741735340', NULL, '2', 3, '1', NULL),
(184, '1710741735340', '1', NULL, 2, NULL, NULL),
(185, '1710741735340', '2', NULL, 2, NULL, NULL),
(186, '1710741750699', NULL, '2', 3, '1', NULL),
(187, '1710741750699', '2', NULL, 2, NULL, '灰/M'),
(188, '1710741750699', '1', NULL, 2, NULL, '黑/S'),
(189, '1710746586066', '1', NULL, 2, NULL, '黑/S'),
(190, '1710746586066', '2', NULL, 2, NULL, '灰/M'),
(191, '1710746586066', NULL, '2', 3, '1', NULL),
(192, '1710748406158', '1', NULL, 2, NULL, '黑/S'),
(193, '1710748406158', '2', NULL, 2, NULL, '灰/M'),
(194, '1710748406158', NULL, '2', 3, '1', NULL),
(195, '1710748448252', '1', NULL, 2, NULL, NULL),
(196, '1710748448252', NULL, '2', 3, '1', NULL),
(197, '1710748448252', '2', NULL, 2, NULL, NULL),
(198, '1710748450182', '1', NULL, 2, NULL, NULL),
(199, '1710748450182', NULL, '2', 3, '1', NULL),
(200, '1710748450182', '2', NULL, 2, NULL, NULL),
(201, '1710748558470', NULL, '2', 3, '1', NULL),
(202, '1710748558470', '1', NULL, 2, NULL, NULL),
(203, '1710748558470', '2', NULL, 2, NULL, NULL),
(204, '1710748565846', NULL, '2', 3, '1', NULL),
(205, '1710748565846', '1', NULL, 2, NULL, NULL),
(206, '1710748565846', '2', NULL, 2, NULL, NULL),
(207, '1710748753973', '2', NULL, 2, NULL, NULL),
(208, '1710748753973', '1', NULL, 2, NULL, NULL),
(209, '1710748753973', NULL, '2', 3, '1', NULL),
(210, '1710748755581', '1', NULL, 2, NULL, NULL),
(211, '1710748755581', NULL, '2', 3, '1', NULL),
(212, '1710748755581', '2', NULL, 2, NULL, NULL),
(213, '1710748846368', NULL, '2', 3, '1', NULL),
(214, '1710748846368', '2', NULL, 2, NULL, NULL),
(215, '1710748846368', '1', NULL, 2, NULL, NULL),
(216, '1710749035691', '1', NULL, 2, NULL, NULL),
(217, '1710749035691', NULL, '2', 3, '1', NULL),
(218, '1710749035691', '2', NULL, 2, NULL, NULL),
(219, '1710749190196', '1', NULL, 2, NULL, '黑/S'),
(220, '1710749190196', NULL, '2', 3, '1', NULL),
(221, '1710749190196', '2', NULL, 2, NULL, '灰/M'),
(269, '1711007111371', '2', NULL, 1, NULL, '黑/M'),
(270, '1711007111371', '1', NULL, 2, NULL, '黑/F'),
(271, '1711007603434', NULL, '2', 3, '1', NULL),
(272, '1711007603434', '1', NULL, 2, NULL, '黑/S'),
(273, '1711007603434', '2', NULL, 2, NULL, '灰/M'),
(274, '1711098702972', '5', NULL, 1, NULL, '黑/L'),
(275, '1711098973247', '5', NULL, 1, NULL, '黑/L'),
(276, '1711098973247', '4', NULL, 1, NULL, '黑/S'),
(277, '1711099130364', '5', NULL, 1, NULL, '黑/L'),
(278, '1711099130364', '4', NULL, 1, NULL, '黑/S'),
(279, '1711107232531', '2', NULL, 1, NULL, '黑/M'),
(280, '1711107232531', '1', NULL, 1, NULL, '黑/F'),
(281, '1711107281085', '1', NULL, 1, NULL, '黑/F'),
(282, '1711108215218', '2', NULL, 2, NULL, '黑/S'),
(283, '1711108215218', NULL, '1', 5, '2024/3/28', NULL),
(284, '1711108215218', '1', NULL, 1, NULL, '黑/F');

-- --------------------------------------------------------

--
-- 資料表結構 `order_time`
--

CREATE TABLE `order_time` (
  `id` int(30) NOT NULL,
  `lesson_id` int(30) NOT NULL,
  `preorder_date` varchar(255) NOT NULL,
  `preorder_time` varchar(255) NOT NULL
) ENGINE=InnoDB DEFAULT CHARSET=utf8mb4 COLLATE=utf8mb4_general_ci;

--
-- 傾印資料表的資料 `order_time`
--

INSERT INTO `order_time` (`id`, `lesson_id`, `preorder_date`, `preorder_time`) VALUES
(1, 3, '2024-03-22', 'AM09:00,PM15:00'),
(2, 5, '2024-03-31', 'PM15:00'),
(3, 1, '456465', 'AM09:00'),
(4, 1, '2024/3/29', 'AM09:00,PM15:00'),
(5, 1, '2024/3/21', 'AM09:00'),
(6, 1, '2024/4/22', 'PM15:00'),
(7, 2, '2024/3/21', 'AM09:00'),
(8, 1, '2024/4/21', 'AM09:00,PM15:00'),
(9, 1, '2024/3/22', 'PM15:00'),
(10, 1, '2024/4/5', 'AM09:00,PM15:00'),
(11, 1, '2024/3/22', 'AM09:00'),
(12, 1, '2024/3/22', 'AM09:00,PM15:00'),
(13, 1, '2024/3/29', 'AM09:00'),
(14, 1, '2024/3/23', 'PM15:00'),
(15, 4, '2024/3/22', '9:00'),
(16, 4, '2024/3/28', '9:00'),
(17, 1, '2024/3/28', '15:00');

-- --------------------------------------------------------

--
-- 資料表結構 `post`
--

CREATE TABLE `post` (
  `id` varchar(36) NOT NULL,
  `user_id` varchar(255) NOT NULL,
  `title` varchar(50) NOT NULL,
  `image` varchar(50) NOT NULL,
  `content` text NOT NULL,
  `published_at` date NOT NULL,
  `updated_at` datetime NOT NULL,
  `tags` varchar(50) DEFAULT NULL,
  `valid` tinyint(4) NOT NULL
) ENGINE=InnoDB DEFAULT CHARSET=utf8mb4 COLLATE=utf8mb4_unicode_ci;

--
-- 傾印資料表的資料 `post`
--

INSERT INTO `post` (`id`, `user_id`, `title`, `image`, `content`, `published_at`, `updated_at`, `tags`, `valid`) VALUES
('0', '0', 'AAA', '1711103639366-679531058.jpg', '', '2024-03-22', '2024-03-22 18:33:59', '', 1),
('0155ff2c-a0fa-4a4d-9f16-5c2122335073', '8f36a381-761-6d7a-0dbb-6c3fa78bad3b', '探索水下世界的奇妙之旅', 'sea.jpg', '四面環海的寶島台灣，有著世界級的海底世界美景，蘭嶼豐富的珊瑚礁、綠島清澈的海底、小琉球熱情的海龜…不過我們從小就被灌輸遠離海邊的觀念，就是因為不夠了解，所以造成內心的恐懼或視為危險的象徵，對這片神秘的藍色大海敬而遠之。幸運的是，近幾年越來越多人開始注重海底生態，也更願意親身探索這塊美麗的海域，其中一項運動就是 – 自由潛水（ Free Diving）。<br>自由潛水是早期沿海居民賴以為生的捕魚技能，之後這項古老的技巧慢慢以不同形式傳到全世界，不像水肺潛水需要攜帶氧氣瓶與複雜的裝備，而是透過面鏡跟蛙鞋並且', '2024-03-04', '2024-03-04 14:49:39', '新手上路', 1),
('01ab36fa-3e51-4546-82e5-adf08f0b5ce8', '8f36a381-761-6d7a-0dbb-6c3fa78bad3b', '水下科學的奧秘探索', 'post.jpg', '<ul><li>水肺潛水者需要考取潛水證照，經過3-5天的課程就可以完成。</li><li>潛水證照與英文檢定類似，有許多不同的系統，不同國家認定的系統各有不同。其中以PADI、SSI、CMAS這三個潛水系統最廣為人知：</li></ul><figure class=\"table\"><table><tbody><tr><td>&nbsp;</td><td>PADI</td><td>SSI</td><td>CMAS</td></tr><tr><td>全稱</td><td>Professional Association of Diver Instructor&nbsp;國際專業潛水教練協會</td><td>Scuba School International&nbsp;國際水肺潛水學校</td><td>World Confederation of Underwater Activities&nbsp;世界潛水聯盟</td></tr><tr><td>年齡限制</td><td>10 歲以上</td><td>10 歲以上</td><td>14 歲以上</td></tr><tr><td>下潛深度（不同證照等級有不同深度限制）</td><td>12 – 40 米</td><td>12 – 40 米</td><td>10 – 30 米</td></tr><tr><td>優勢</td><td>全球最大的潛水系統組織，統一標準的課程系統，世界各地的理論及技巧均相同</td><td>僅次於 PADI 的潛水系統組織，和 PADI 可相互認證。教學內容以趣味性為主</td><td>奧林匹克組織唯一官方認證的潛水系統組織，唯一有資格舉辦世界性潛水比賽、發佈世界紀錄的組織</td></tr></tbody></table></figure><ol><li>許多新手想要考取第一張水肺潛水證照時，都會陷入各個不同潛水課程系統之間的選擇困難中。事實上，我們只需考量選擇一個世界通用的潛水系統，這樣就可以保證我們可以用一張證照潛遍世界。</li><li>相比起潛水系統，新手更應該慎選的是潛水教練，找到有耐心、認真教學的教練才能確保自己可以掌握潛水知識及技巧，安全踏上潛水旅程。</li></ol>', '2024-03-08', '2024-03-08 12:06:13', '社群活動,海底生態', 1),
('1db55f6f-064b-4113-902f-85037258270e', '8f36a381-761-6d7a-0dbb-6c3fa78bad3b', '潛水體驗之旅', 'light.jpg', '<h2><strong>什麼是水肺潛水？</strong></h2><p>水肺潛水指的是潛水員自行攜帶「SCUBA」（Self-Contained Underwater Breathing Apparatus，自給式水中呼吸器）進行下潛活動。需要潛水員背負BCD（浮力控制裝置）和配重帶。也正因如此，只要經過幾次練習，學會穿戴設備，水肺潛水比起自由潛水就安全得多。</p><p>水肺潛水者需要考取潛水證照，經過3-5天的課程就可以完成。潛水證照與英文檢定類似，有許多不同的系統，不同國家認定的系統各有不同。其中以PADI、SSI、CMAS這三個潛水系統最廣為人知：</p><p>PADISSICMAS全稱Professional Association of Diver Instructor&nbsp;國際專業潛水教練協會Scuba School International&nbsp;國際水肺潛水學校World Confederation of Underwater Activities&nbsp;世界潛水聯盟年齡限制10 歲以上10 歲以上14 歲以上下潛深度（不同證照等級有不同深度限制）12 – 40 米12 – 40 米10 – 30 米優勢全球最大的潛水系統組織，統一標準的課程系統，世界各地的理論及技巧均相同僅次於 PADI 的潛水系統組織，和 PADI 可相互認證<strong style=\"color: rgb(255, 255, 0);\"><em><u>。教學內容以趣味性為主奧林匹克組織唯一官方認證的潛水系統組織，唯一有資格舉辦世界性潛水比賽、發佈世界紀錄的組織</u></em></strong></p><p><strong style=\"color: rgb(255, 255, 0);\"><em><u>許多新手想要考取第一張水肺潛水證照時，都會陷入各個不同潛水課程系統之間的選擇困難中。事實上，我們只需考量選擇一個世界通用的潛水系統，這樣就可以保證我們可以用一張證照潛遍世界。相比起潛水系統，新手更應該慎選的是潛水教練，找到有耐心、認真教學的教練才能確保自</u></em></strong>己可以掌握潛水知識及技巧，安全踏上潛水旅程。</p>', '2024-03-14', '2024-03-14 09:47:25', '潛水,水肺', 1),
('231d0764-1249-4771-b836-391d04359020', '1b2b18f1-0a4c-d222-f6db-e182f5fb261f', '海中浮潛輕旅行，四大初階潛點任你挑', '1711103424510-197390475.jpg', '<blockquote>身為一個潛水愛好者，不藏私和大家分享最輕鬆的接觸海下環境方式。下海的同時，有自己的垃圾或看到各類廢棄物，請幫忙收拾乾淨，讓這片海岸永遠美麗。♥</blockquote><p><br></p><h2><span style=\"background-color: rgb(255, 153, 0);\">潛點一：恆春萬里桐</span></h2><p>萬里桐，介於後灣與白沙灘之間的純樸小村落，因為特殊的地理位置，這兒擁有最方便親近海洋的步道，而因為天然的內灣地形、珊瑚較不易受到風浪的破壞所以海底佈滿了各種硬骨珊瑚，儼然成為珊瑚礁魚類群聚的天堂。在這兒潛水不需要擔心海流的叨擾，而在風浪部分在初春時是最適合造訪的季節，率性的東北季風反而讓著個西海岸的海像成為如湖面般夢幻。如果您也愛親近海洋，這是您不容錯過的西岸海底花園。</p><p>p.s.請勿隨意破壞珊瑚或捕捉海洋生物，也請大家不要帶漁網來抓魚，給魚兒們留下一點長大的機會。</p><p><br></p><h2><span style=\"background-color: rgb(255, 153, 0);\">潛點二：恆春後壁湖</span></h2><p>後壁湖，位於貓鼻頭凸岬往東邊延伸的避風港，這兒是墾丁發展水上動力休閒的重鎮，在喧囂之下所幸有航道保護的關係，海底如同珊瑚礁叢林，其中包含了「後壁湖軟珊瑚區」與「出水口」，這兩個潛點皆因為合宜的海況與多姿的海底生態而聞名，其中軟珊瑚區，顧名思義，這兒生長著各式的軟硬珊瑚搭配著潔白的沙地，當海流輕拂時軟珊瑚們搖曳其中，娥娜多姿的畫面往往是潛水客們流連忘返的原因。而出水口則因位於核三廠排出降溫海水的地理位置而命名，因為有人造流水的排出使得往往會出現大型魚隻在周圍覓食，在這兒浮潛觀賞的主要是輻射狀海溝地形與林立礁盤的特殊景觀。因為後壁湖海面上常常有許多水上摩托車遊走所以在這進行水域活動得特別注意四周與攜帶水面浮具。</p><p><br></p><h2><span style=\"background-color: rgb(255, 153, 0);\">潛點三：東北角龍洞灣</span></h2><p>龍洞灣 1.5K 九孔池外浮潛點，龍洞灣是一個天然的大港灣，也是知名潛水點，每年春天都會有大量臭肚魚在這裡繁衍，有時甚至會數以千計，淺淺的就能看到，甚為壯觀。此處水流大多往灣內帶，只要不是颱風或是大浪，是適合新手下水、老少咸宜的浮潛點，對面的東北角潛水客棧就有出租裝備也方便沖洗，事先亦可向老闆詢問當天的海況。</p><p>PS：九孔池可以走但東西掉下去不可下去撿，必須請老闆用竹竿撈，避免竊盜嫌疑。</p><p>PS：若欲離開浮潛池至不熟悉的海域請尋找熟悉的教練帶領，並著齊全裝備以確保安全。</p><p><br></p><h2><span style=\"background-color: rgb(255, 153, 0);\">潛點四：東北角鼻頭角</span></h2><p>鼻頭角海景 / 授權自潛水教練&nbsp;<a href=\"https://www.facebook.com/doculars\" rel=\"noopener noreferrer\" target=\"_blank\">李正偉</a></p><p>鼻頭角公園右側，這裡位於鼻頭角漁港的右側，由於位於整個北台灣最東北側有外海的洋流經過，所以也時常出現各種奇特的海洋生物，曾經遇過美麗的水母、丁香魚群。在退潮時，右側甚至會淺到無法漂浮，所以許多人也是踩踏破壞層出不窮十分可惜，左側有浮球標記航道切勿闖入，對面消波塊外側要小心，離得太遠又遇上流水可是有可能流出外海的。</p><p>p.s.浮潛裝備一樣可於附近店家租用，但假日時這邊是熱門潛點，停車非常困難，切勿恣意停車以免被開罰或拖吊。</p><p>p.s.此處為保護區，請勿隨意破壞珊瑚或捕捉海洋生物，也呼籲大家別帶漁網來抓魚，給魚兒們留下一點長大的機會。</p>', '2024-03-22', '2024-03-22 18:30:24', '浮潛', 1),
('418427bd-7142-49b8-b9d4-1aaa3bd19033', '8f36a381-761-6d7a-0dbb-6c3fa78bad3b', '水下攝影的藝術之旅', 'dark.jpg', '<p>水肺潛水者需要考取潛水證照，經過3-5天的課程就可以完成。潛水證照與英文檢定類似，有許多不同的系統，不同國家認定的系統各有不同。其中以PADI、SSI、CMAS這三個潛水系統最廣為人知：</p><figure class=\"table\"><table><tbody><tr><td>&nbsp;</td><td>PADI</td><td>SSI</td><td>CMAS</td></tr><tr><td>全稱</td><td>Professional Association of Diver Instructor&nbsp;國際專業潛水教練協會</td><td>Scuba School International&nbsp;國際水肺潛水學校</td><td>World Confederation of Underwater Activities&nbsp;世界潛水聯盟</td></tr><tr><td>年齡限制</td><td>10 歲以上</td><td>10 歲以上</td><td>14 歲以上</td></tr><tr><td>下潛深度（不同證照等級有不同深度限制）</td><td>12 – 40 米</td><td>12 – 40 米</td><td>10 – 30 米</td></tr><tr><td>優勢</td><td>全球最大的潛水系統組織，統一標準的課程系統，世界各地的理論及技巧均相同</td><td>僅次於 PADI 的潛水系統組織，和 PADI 可相互認證。教學內容以趣味性為主</td><td>奧林匹克組織唯一官方認證的潛水系統組織，唯一有資格舉辦世界性潛水比賽、發佈世界紀錄的組織</td></tr></tbody></table></figure><p>許多新手想要考取第一張水肺潛水證照時，都會陷入各個不同潛水課程系統之間的選擇困難中。事實上，我們只需考量選擇一個世界通用的潛水系統，這樣就可以保證我們可以用一張證照潛遍世界。相比起潛水系統，新手更應該慎選的是潛水教練，找到有耐心、認真教學的教練才能確保自己可以掌握潛水知識及技巧，安全踏上潛水旅程。</p>', '2024-03-07', '2024-03-07 16:40:23', '社群活動,海底生態', 1),
('418427bd-7142-49b8-b9d4-1aaa3bd19042', '8f36a381-761-6d7a-0dbb-6c3fa78bad3b', '珊瑚的秘密花園', 'ground.jpeg', '<ul><li>水肺潛水者需要考取潛水證照，經過3-5天的課程就可以完成。</li><li>潛水證照與英文檢定類似，有許多不同的系統，不同國家認定的系統各有不同。其中以PADI、SSI、CMAS這三個潛水系統最廣為人知：</li></ul><figure class=\"table\"><table><tbody><tr><td>&nbsp;</td><td>PADI</td><td>SSI</td><td>CMAS</td></tr><tr><td>全稱</td><td>Professional Association of Diver Instructor&nbsp;國際專業潛水教練協會</td><td>Scuba School International&nbsp;國際水肺潛水學校</td><td>World Confederation of Underwater Activities&nbsp;世界潛水聯盟</td></tr><tr><td>年齡限制</td><td>10 歲以上</td><td>10 歲以上</td><td>14 歲以上</td></tr><tr><td>下潛深度（不同證照等級有不同深度限制）</td><td>12 – 40 米</td><td>12 – 40 米</td><td>10 – 30 米</td></tr><tr><td>優勢</td><td>全球最大的潛水系統組織，統一標準的課程系統，世界各地的理論及技巧均相同</td><td>僅次於 PADI 的潛水系統組織，和 PADI 可相互認證。教學內容以趣味性為主</td><td>奧林匹克組織唯一官方認證的潛水系統組織，唯一有資格舉辦世界性潛水比賽、發佈世界紀錄的組織</td></tr></tbody></table></figure><ol><li>許多新手想要考取第一張水肺潛水證照時，都會陷入各個不同潛水課程系統之間的選擇困難中。事實上，我們只需考量選擇一個世界通用的潛水系統，這樣就可以保證我們可以用一張證照潛遍世界。</li><li>相比起潛水系統，新手更應該慎選的是潛水教練，找到有耐心、認真教學的教練才能確保自己可以掌握潛水知識及技巧，安全踏上潛水旅程。</li></ol>', '2024-03-08', '2024-03-08 12:06:15', '潛水景點,潛水知識,潛水技巧', 1),
('4be14ec1-69ab-4581-ae9e-c0b3f9ecc898', '1b2b18f1-0a4c-d222-f6db-e182f5fb261f', '海龜小小冷知識', '1711085532789-690276266.jpg', '<h3>小琉球的人氣寵兒「海龜」，一直受到潛水客與遊客喜愛，來小琉球必看可愛的小海龜，那大家知道小琉球最著名的海龜主要是什麼品種嗎⁉️</h3><p><br></p><p>小島上主要看到的都是綠蠵龜，全球烏龜種類總共有350種，但是海龜種類只有7種哦～</p><p>今天就來告訴大家幾個海龜的冷知識❗️</p><p><br></p><blockquote>海龜產卵如何分辨是雌性還是雄性⁉️</blockquote><p>海龜的性別取決於孵卵時沙子的溫度，孵化期間沙子溫度在27度以下就會孵出公海龜，則溫度在31度以上就會孵出母海龜，在27-31度之間孵化就有可能會有公的跟母的海龜。</p><p>所以海龜生男生女會因為孵化沙子的溫度決定。很特別吧?</p>', '2024-03-22', '2024-03-22 13:32:12', '海龜,海洋', 1),
('5f45f00f-6e53-4f8b-ad09-c32d6b1fe25d', '8f36a381-761-6d7a-0dbb-6c3fa78bad3b', '潛水者的旅行指南', 'post.jpg', '<p>在彩色的海底世界中，我發現了珊瑚的秘密花園。透過潛水，我有機會近距離觀察這些生機勃勃的珊瑚，感受大自然的神奇。</p>', '2024-03-07', '2024-03-07 14:30:26', '潛水技巧與知識', 1),
('675b765f-b118-4af3-a77f-1bb6a315606d', '8f36a381-761-6d7a-0dbb-6c3fa78bad3b', '水下攝影的藝術之旅', 'dark.jpg', '<p>水肺潛水者需要考取潛水證照，經過3-5天的課程就可以完成。潛水證照與英文檢定類似，有許多不同的系統，不同國家認定的系統各有不同。其中以PADI、SSI、CMAS這三個潛水系統最廣為人知：</p><figure class=\"table\"><table><tbody><tr><td>&nbsp;</td><td>PADI</td><td>SSI</td><td>CMAS</td></tr><tr><td>全稱</td><td>Professional Association of Diver Instructor&nbsp;國際專業潛水教練協會</td><td>Scuba School International&nbsp;國際水肺潛水學校</td><td>World Confederation of Underwater Activities&nbsp;世界潛水聯盟</td></tr><tr><td>年齡限制</td><td>10 歲以上</td><td>10 歲以上</td><td>14 歲以上</td></tr><tr><td>下潛深度（不同證照等級有不同深度限制）</td><td>12 – 40 米</td><td>12 – 40 米</td><td>10 – 30 米</td></tr><tr><td>優勢</td><td>全球最大的潛水系統組織，統一標準的課程系統，世界各地的理論及技巧均相同</td><td>僅次於 PADI 的潛水系統組織，和 PADI 可相互認證。教學內容以趣味性為主</td><td>奧林匹克組織唯一官方認證的潛水系統組織，唯一有資格舉辦世界性潛水比賽、發佈世界紀錄的組織</td></tr></tbody></table></figure><p>許多新手想要考取第一張水肺潛水證照時，都會陷入各個不同潛水課程系統之間的選擇困難中。事實上，我們只需考量選擇一個世界通用的潛水系統，這樣就可以保證我們可以用一張證照潛遍世界。相比起潛水系統，新手更應該慎選的是潛水教練，找到有耐心、認真教學的教練才能確保自己可以掌握潛水知識及技巧，安全踏上潛水旅程。</p>', '2024-03-07', '2024-03-07 16:40:23', '社群活動,海底生態', 1),
('7942ec67-bc5f-4211-bbde-feec55bf134b', '1b2b18f1-0a4c-d222-f6db-e182f5fb261f', '什麼是岸潛？', '1711101437127-586346303.jpg', '<h2>岸潛就是從岸邊走向開放水域，再游至下潛點準備下潛。</h2><p>岸潛看似容易～但其實要注意的細節很多！</p><p>從出/入水位置、漲退潮的浪況，到穿脫蛙鞋的最佳時機點，無一不是重點！！</p><p>今天跟雪友們介紹一個很容易忽略的小細節⚠️</p><blockquote>Q&amp;A</blockquote><p>穿蛙鞋時為什麼要背海面岸呢❓</p><p>如果面朝大海穿蛙鞋，動作又不夠迅速俐落，浪一打來沒有支撐點，會直接把整個人往岸邊帶，是很危險的哦！反而背對著海穿蛙鞋，一腳還能夠踩著支撐點頂浪，危險程度大大降低！</p><p>⚠️最最重要的是⚠️</p><p>不管人在哪裡岸潛，都一定要好好遵守當地專業導潛的指示哦！！！</p><p><br></p>', '2024-03-22', '2024-03-22 17:57:17', '潛水', 1),
('97958793-192d-453f-881a-a71f380c5f1d', '8f36a381-761-6d7a-0dbb-6c3fa78bad3b', '潛水者的旅行指南', 'post.jpg', '<h2><strong style=\"color: rgb(0, 55, 0);\"><u>為什麼自由潛水的水性要求比水肺潛水高？</u></strong></h2><h1><br></h1><p>自由潛水所需要攜帶的裝備比較少，所以有許多潛水新手會誤以為自由潛水比較簡單。其實，正是因為水肺潛水所攜帶的裝備更加齊全，所以我們才可以更專注地暢遊海底世界，而不需要像自由潛水一樣需要突破身體極限。但是，考取水肺潛水還是要通過一定的水性測試：</p><p>&nbsp;&nbsp;不穿戴任何輔具（如救生衣、蛙鞋、面鏡、呼吸管）游完200公尺，中途不得停下，不限時間和泳式</p><p>&nbsp;&nbsp;穿戴面鏡、呼吸管及蛙鞋，浮潛游完300公尺，不限時間。</p><p>&nbsp;&nbsp;在踩不到底的水深，踩水或漂浮10分鐘以上(頭部保持在水面上，不能碰到岸邊或水底)</p><p>這些測試教練都會在課程引導中帶領學員完成，因可以使用潛水器具輔助，所以只要不怕水基本上可以輕鬆達標。</p><h2>潛水有哪些注意事項?</h2><ol><li>&nbsp;&nbsp;要穿著防寒衣、套鞋。在海裡可能會遇到冷暖流交錯，因此穿著防寒衣，能保護自己避免失溫。</li><li>&nbsp;&nbsp;耳壓平衡。在水下的壓力容易導致耳朵不適，如果沒有適時地排解耳壓，可能會導致耳膜破損。因此要體驗潛水前，潛店教練一定會教大家如何排耳壓。</li><li>&nbsp;&nbsp;感冒的時候不能潛水！雖然在水中不必用鼻子呼吸，但如果存在鼻塞或鼻竇炎等狀況，則容易產生分泌物並阻塞，影響到耳壓平衡。</li><li>&nbsp;&nbsp;潛水後至少12小時之內，不能乘坐飛機！</li></ol><h2>台灣的潛點有哪些？</h2><p>台灣的海洋生態豐富，擁有多個國際知名潛點，不用出國，就可以在清澈的海域觀賞珊瑚礁，與魚群和海龜共游大海。</p><ul><li>&nbsp;&nbsp;龍洞：作為全東北角最為穩定且安全的海域，適合初學者學習</li><li>&nbsp;&nbsp;小琉球：是台灣離島中唯一的珊瑚礁島，海龜數量居冠全台，一年四季都適合潛水</li><li>&nbsp;&nbsp;綠島：全年適合潛水，海水清澈，能見度高，可以飽覽瑰麗的海洋世界</li><li>&nbsp;&nbsp;蘭嶼：三月至十月為最佳季節，海水溫度約在26至28度之間，十分溫暖。擁有30至50米的海下能見度，視野絕佳</li></ul>', '2024-03-19', '2024-03-19 20:18:45', '潛水,旅行', 1),
('b7492f30-08f4-47f0-b76f-0d0e8dd15341', '8f36a381-761-6d7a-0dbb-6c3fa78bad3b', '第一次潛水', 'sea.jpg', '<ul><li>水肺潛水者需要考取潛水證照，經過3-5天的課程就可以完成。</li><li>潛水證照與英文檢定類似，有許多不同的系統，不同國家認定的系統各有不同。其中以PADI、SSI、CMAS這三個潛水系統最廣為人知：</li></ul><figure class=\"table\"><table><tbody><tr><td>&nbsp;</td><td>PADI</td><td>SSI</td><td>CMAS</td></tr><tr><td>全稱</td><td>Professional Association of Diver Instructor&nbsp;國際專業潛水教練協會</td><td>Scuba School International&nbsp;國際水肺潛水學校</td><td>World Confederation of Underwater Activities&nbsp;世界潛水聯盟</td></tr><tr><td>年齡限制</td><td>10 歲以上</td><td>10 歲以上</td><td>14 歲以上</td></tr><tr><td>下潛深度（不同證照等級有不同深度限制）</td><td>12 – 40 米</td><td>12 – 40 米</td><td>10 – 30 米</td></tr><tr><td>優勢</td><td>全球最大的潛水系統組織，統一標準的課程系統，世界各地的理論及技巧均相同</td><td>僅次於 PADI 的潛水系統組織，和 PADI 可相互認證。教學內容以趣味性為主</td><td>奧林匹克組織唯一官方認證的潛水系統組織，唯一有資格舉辦世界性潛水比賽、發佈世界紀錄的組織</td></tr></tbody></table></figure><ol><li>許多新手想要考取第一張水肺潛水證照時，都會陷入各個不同潛水課程系統之間的選擇困難中。事實上，我們只需考量選擇一個世界通用的潛水系統，這樣就可以保證我們可以用一張證照潛遍世界。</li><li>相比起潛水系統，新手更應該慎選的是潛水教練，找到有耐心、認真教學的教練才能確保自己可以掌握潛水知識及技巧，安全踏上潛水旅程。</li></ol>\n', '2024-03-21', '2024-03-21 00:06:45', '潛水', 1),
('dab1a4f3-6e74-4bb3-8d44-205d1737c581', '8f36a381-761-6d7a-0dbb-6c3fa78bad3b', '如何成為教練', 'post.jpg', '<ul><li>水肺潛水者需要考取潛水證照，經過3-5天的課程就可以完成。</li><li>潛水證照與英文檢定類似，有許多不同的系統，不同國家認定的系統各有不同。其中以PADI、SSI、CMAS這三個潛水系統最廣為人知：</li></ul><figure class=\"table\"><table><tbody><tr><td>&nbsp;</td><td>PADI</td><td>SSI</td><td>CMAS</td></tr><tr><td>全稱</td><td>Professional Association of Diver Instructor&nbsp;國際專業潛水教練協會</td><td>Scuba School International&nbsp;國際水肺潛水學校</td><td>World Confederation of Underwater Activities&nbsp;世界潛水聯盟</td></tr><tr><td>年齡限制</td><td>10 歲以上</td><td>10 歲以上</td><td>14 歲以上</td></tr><tr><td>下潛深度（不同證照等級有不同深度限制）</td><td>12 – 40 米</td><td>12 – 40 米</td><td>10 – 30 米</td></tr><tr><td>優勢</td><td>全球最大的潛水系統組織，統一標準的課程系統，世界各地的理論及技巧均相同</td><td>僅次於 PADI 的潛水系統組織，和 PADI 可相互認證。教學內容以趣味性為主</td><td>奧林匹克組織唯一官方認證的潛水系統組織，唯一有資格舉辦世界性潛水比賽、發佈世界紀錄的組織</td></tr></tbody></table></figure><ol><li>許多新手想要考取第一張水肺潛水證照時，都會陷入各個不同潛水課程系統之間的選擇困難中。事實上，我們只需考量選擇一個世界通用的潛水系統，這樣就可以保證我們可以用一張證照潛遍世界。</li><li>相比起潛水系統，新手更應該慎選的是潛水教練，找到有耐心、認真教學的教練才能確保自己可以掌握潛水知識及技巧，安全踏上潛水旅程。</li></ol><p><a href=\"https://snowdiving.tw/7301-2/\">這是連結</a>', '2024-03-20', '2024-03-20 23:34:59', '教練', 1),
('e2e32972-f33c-48a2-8b16-ffb33fe3b6bb', '1b2b18f1-0a4c-d222-f6db-e182f5fb261f', '2020 蘭嶼潛旅', '1711101736785-601341654.jpg', '<h2 class=\"ql-align-center\"><u style=\"color: rgb(153, 51, 255);\">蘭嶼，人之島</u></h2><p class=\"ql-align-center\">從墾丁後壁湖搭船約2.5小時即可抵達</p><p class=\"ql-align-center\">蘭嶼的藍要親身體會過才知道有多難忘</p><p class=\"ql-align-center\">如果剛好遇到船上沒什麼人，真的可以一路舒服的睡到蘭嶼</p><blockquote class=\"ql-align-center\"><strong>蘭嶼最著名的潛點-八代灣沈船！</strong></blockquote><p class=\"ql-align-center\">沈船每個不經意的角落都很好拍</p><p class=\"ql-align-center\">船桅是最好擺POSE的地方</p><p class=\"ql-align-center\">蘭嶼路上的都是網美羊</p>', '2024-03-22', '2024-03-22 18:02:16', '蘭嶼,八代灣', 1);

-- --------------------------------------------------------

--
-- 資料表結構 `product`
--

CREATE TABLE `product` (
  `id` int(11) NOT NULL COMMENT '流水碼（產品編號）',
  `name` varchar(100) NOT NULL COMMENT '產品名稱',
  `brand` varchar(50) DEFAULT NULL COMMENT '品牌',
  `category` varchar(50) DEFAULT NULL COMMENT '商品種類',
  `price` int(5) DEFAULT NULL,
  `discount` int(5) DEFAULT NULL,
  `size` text DEFAULT NULL COMMENT '尺寸',
  `color` text DEFAULT NULL COMMENT '顏色',
  `img` text DEFAULT NULL COMMENT '圖片',
  `img_top` text DEFAULT NULL COMMENT '列表首圖',
  `img_detail` text DEFAULT NULL COMMENT '商品介紹圖片',
  `info` text DEFAULT NULL COMMENT '簡介',
  `detail` text DEFAULT NULL COMMENT '細節',
  `valid` tinyint(1) NOT NULL DEFAULT 0,
  `created_at` datetime NOT NULL DEFAULT current_timestamp() COMMENT '資料建立時間'
) ENGINE=InnoDB DEFAULT CHARSET=utf8mb4 COLLATE=utf8mb4_unicode_ci;

--
-- 傾印資料表的資料 `product`
--

INSERT INTO `product` (`id`, `name`, `brand`, `category`, `price`, `discount`, `size`, `color`, `img`, `img_top`, `img_detail`, `info`, `detail`, `valid`, `created_at`) VALUES
(1, '抗反射面鏡', 'ADISI', '面鏡', 1200, 880, 'F', '黑', '1-1.jpg,1-2.jpg,1-3.jpg', '1-1.jpg', '1-detail1.jpg,1-detail2.jpg,1-detail3.jpg,1-detail4.jpg,1-detail5.jpg', '視野廣 / 防眩光', '柔軟裙邊，服貼臉型、平壓捏鼻更容易\n面鏡帶調節鈕，按鈕式調節閥，按壓即可調整鬆緊\n黃色反光鏡片，過濾平行光線、防眩光\n低容積、大鏡面視野更清晰', 0, '2024-03-12 04:22:44'),
(2, '女款3/2MM拉鍊防寒衣', 'HeleiWaho', '防寒衣', 7000, 6500, 'S,M,L', '黑', '2-1.webp,2-2.png', '2-1.webp', '2-detail1.webp,2-detail2.webp', '手部3D剪裁、背部弧形設計，有效減少曝曬', '來自日本HeleiWaho\r\n肩部到手部3D剪裁設計\r\nYKK拉鍊 拉鍊防接觸墊片\r\n也可增加防水效果\r\n高品質平針車縫\r\n衣服貼身靈活，不降低保暖效果\r\n材質 DURAflex 機能性面料', 0, '2024-03-12 04:22:44'),
(3, '男款3/2MM防寒衣', 'HeleiWaho', '防寒衣', 7000, NULL, 'S,M,L', '黑', '3-1.webp,3-2.webp', '3-1.webp', '3-detail1.webp,3-detail2.webp', '手部3D剪裁、背部弧形設計，有效減少曝曬', '來自日本HeleiWaho\r\n肩部到手部3D剪裁設計\r\nYKK拉鍊 拉鍊防接觸墊片\r\n也可增加防水效果\r\n高品質平針車縫\r\n衣服貼身靈活，不降低保暖效果\r\n材質 DURAflex 機能性面料', 0, '2024-03-12 04:22:44'),
(4, '自由潛水長蛙鞋', 'OceanMax', '蛙鞋', 5500, NULL, 'S,M,L,XL', '黑,綠', '4-1.png,4-2.png', '4-1.png', '4-detail1.webp,4-detail2.webp,4-detail3.png,4-detail4.png', '腳袋符合人體工學設計 / 防滑', '鞋套採用高品質橡膠製成，依照人體工學調整至極具彈性之硬度，緊實包覆雙腳\n蛙鞋拍面採用PP材質(中硬度)，組裝後角度往下約17度的設計，更具有效的推進的動力\n鞋套鞋板可拆解，便於維修與升級。', 0, '2024-03-12 04:22:44'),
(5, '套腳式蛙鞋', 'HeleiWaho', '蛙鞋', 5200, 4900, 'M,L', '黑,白', '5-1.webp,5-2.webp,5-3.webp', '5-1.webp', '5-detail1.webp,5-detail2.webp', '腳袋符合人體工學設計 / 防滑', '來自日本HeleiWaho\n初學者也能輕鬆上手\n在海中能透光的特色\n輕盈好穿脫\n彈性佳\n材質 鞋口 TPR 長蛙 PP\n尺寸 M/L', 0, '2024-03-12 04:22:44'),
(6, '雙眼面鏡', 'ADISI', '面鏡', 790, 580, 'F', '藍,紅', '6-1.jpg,6-2.jpg,6-3.jpg', '6-1.jpg', '6-detail1.jpg,6-detail2.jpg,6-detail3.jpg,6-detail4.jpg,6-detail5.jpg,6-detail6.jpg', '視野廣 / 貼合度佳 / 平衡內外壓力', '矽膠裙邊，舒適、能服貼各種大小臉型，鼻袋捏鼻好操作\n面鏡帶調節閥，拉絆式調節閥，輕輕扳開即可調整鬆緊\n透明大鏡片，視野更清晰', 0, '2024-03-12 04:22:44'),
(7, '男款2MM頭套拉鍊防寒衣', 'HeleiWaho', '防寒衣', 4800, NULL, 'S,M,L,XL', '黑', '7-1.webp,7-2.webp', '7-1.webp', '7-detail1.webp,7-detail2.webp,7-detail3.webp', '手部3D剪裁、背部弧形設計，有效減少曝曬', '來自日本HeleiWaho\r\n肩部到手部3D剪裁設計\r\nYKK拉鍊 拉鍊防接觸墊片\r\n也可增加防水效果\r\n高品質平針車縫\r\n衣服貼身靈活，高保暖效果\r\n材質 DURAflex 機能性面料', 0, '2024-03-12 04:22:44'),
(8, '女款1.5MM防寒衣', 'HeleiWaho', '防寒衣', 3900, NULL, 'S,M,L', '黑,藍,綠,黃,白', '8-1.webp,8-2.webp,8-3.webp,8-4.webp,8-5.webp', '8-1.webp', '8-detail1.webp,8-detail2.webp', '手部3D剪裁、背部弧形設計，有效減少曝曬', '來自日本HeleiWaho\r\n肩部到手部3D剪裁設計 增加水上活動度\r\n背部弧形設計 有效減少曝曬\r\nYKK拉鍊 拉鍊防接觸墊片\r\n獨立開發 DURAflex 機能性面料\r\n長下擺設計可以應對各種激烈運動 也可增加防水效果\r\n高品質平針車縫\r\n肩頸部位使用3D剪裁\r\n使衣服更加貼身靈活，也不降低保暖效果\r\n材質 DURAflex 機能性面料', 0, '2024-03-12 04:22:44'),
(9, '男款1.5MM防寒衣', 'HeleiWaho', '防寒衣', 3900, NULL, 'S,M,L,XL', '黑,藍,綠,黃', '9-1.webp,9-2.webp,9-3.webp,9-4.webp,9-5.webp', '9-1.webp', '9-detail1.png,9-detail2.webp', '手部3D剪裁、背部弧形設計，有效減少曝曬', '來自日本HeleiWaho\r\n肩部到手部3D剪裁設計 增加水上活動度\r\n背部弧形設計 有效減少曝曬\r\nYKK拉鍊 拉鍊防接觸墊片\r\n獨立開發 DURAflex 機能性面料\r\n長下擺設計可以應對各種激烈運動 也可增加防水效果\r\n高品質平針車縫\r\n肩頸部位使用3D剪裁\r\n使衣服更加貼身靈活，也不降低保暖效果\r\n材質 DURAflex 機能性面料', 0, '2024-03-12 04:22:44'),
(10, '女款2MM拉鍊防寒衣', 'HeleiWaho', '防寒衣', 4300, NULL, 'S,M,L', '黑,灰', '10-1.webp,10-2.webp,10-3.webp', '10-1.webp', '10-detail1.webp,10-detail2.webp,10-detail3.webp', '手部3D剪裁、背部弧形設計，有效減少曝曬', '來自日本HeleiWaho\r\n肩部到手部3D剪裁設計\r\nYKK拉鍊 拉鍊防接觸墊片\r\n也可增加防水效果\r\n高品質平針車縫\r\n衣服貼身靈活，不降低保暖效果\r\n材質 DURAflex 機能性面料', 0, '2024-03-12 04:22:44'),
(11, '男款3MM超彈性防寒衣', 'HeleiWaho', '防寒衣', 7800, 7200, 'S,M,L', '黑,灰', '11-1.webp,11-2.webp,11-3.webp', '11-1.webp', '11-detail1.png,11-detail2.png,11-detail3.webp', '手部3D剪裁、背部弧形設計，有效減少曝曬', '來自日本HeleiWaho\r\nSuper Stretch 3mm超彈材質 180%伸縮率\r\n3D剪裁設計提供良好的穿著舒適度\r\nYKK拉鍊 拉鍊防接觸墊片\r\n手腕腳踝處使用Smooth Skin收邊\r\n護膝硬刷設計加強耐磨度\r\n不對稱流線型設計\r\n腳踝處拉鍊設計 方便穿脫\r\n材質 80%Neoprene + 18%Nylon + 2%Span', 0, '2024-03-12 04:22:44'),
(12, '男款2MM半身防寒衣', 'HeleiWaho', '防寒衣', 4200, NULL, 'S,M,L,XL', '黑', '12-1.webp', '12-1.webp', '12-detail1.webp,12-detail2.webp', '手部3D剪裁、背部弧形設計，有效減少曝曬', '來自日本HeleiWaho\r\n肩部到手部3D剪裁設計 增加水上活動度\r\n背部弧形設計 有效減少曝曬\r\nYKK拉鍊 拉鍊防接觸墊片\r\n獨立開發 DURAflex 機能性面料\r\n長下擺設計可以應對各種激烈運動 也可增加防水效果\r\n高品質平針車縫\r\n肩頸部位使用3D剪裁\r\n使衣服更加貼身靈活，也不降低保暖效果\r\n材質 DURAflex 機能性面料', 0, '2024-03-12 04:22:44'),
(13, '簡易呼吸管', 'ADISI', '呼吸管', 590, NULL, 'F', '綠', '13-1.png', '13-1.png', '13-detail1.jpg,13-detail2.jpg,13-detail3.jpg', '流線管身 / 矽膠咬嘴 / 快拆式扣具', '流線型標準長度管身\n可彎曲彈性矽膠波紋連接管\n人體工學設計矽膠咬嘴\n快拆式扣具/排水閥/防浪頭', 0, '2024-03-12 04:22:44'),
(14, '青少年款2MM連身短袖短褲防寒衣', 'ADISI', '防寒衣', 5200, NULL, 'XS,S,M,L', '黃,紅', '14-1.jpeg,14-2.jpg', '14-1.jpeg', '14-detail1.jpg,14-detail2.jpg,14-detail3.jpg', '彈性 / 防磨 / 防曬 / 防寒', '適合潛水、溯溪等水上活動\n彈性.防磨.防水母.防曬.防寒\n厚度2mm\n尺寸:130~160cm', 0, '2024-03-12 04:22:44'),
(15, '青少年款2MM連身長袖長褲防寒衣', 'ADISI', '防寒衣', 5500, NULL, 'XS,S,M,L', '黃,紅', '15-1.jpeg', '15-1.jpeg', '15-detail1.jpg,15-detail2.jpg,15-detail3.jpg', '彈性 / 防磨 / 防曬 / 防寒', '適合潛水、溯溪等水上活動\n彈性.防磨.防水母.防曬.防寒\n厚度2mm\n尺寸:130~160cm', 0, '2024-03-12 04:22:44'),
(16, '女款2MM連身短袖短褲防寒衣', 'ADISI', '防寒衣', 5900, NULL, 'S,M,L,XL', '粉', '16-1.jpg', '16-1.jpg', '16-detail1.jpg,16-detail2.jpg,16-detail3.jpg,16-detail4.jpg', '彈性 / 防磨 / 防曬 / 防寒', '適合潛水、溯溪等水上活動\n彈性.防磨.防水母.防曬.防寒\n厚度2mm\n尺寸:S~XL', 0, '2024-03-12 04:22:44'),
(17, '男款2MM連身短袖短褲防寒衣', 'ADISI', '防寒衣', 5900, 3200, 'S,M,L,XL,2XL', '藍', '17-1.jpeg', '17-1.jpeg', '17-detail1.jpg,17-detail2.jpg,17-detail3.jpg,17-detail4.jpg', '彈性 / 防磨 / 防曬 / 防寒', '適合潛水、溯溪等水上活動\n彈性.防磨.防水母.防曬.防寒\n厚度2mm\n尺寸:S~2XL', 0, '2024-03-12 04:22:44'),
(18, '女款2mm連身長袖長褲防寒衣', 'ADISI', '防寒衣', 6800, 6200, 'S,M,L,XL', '黑,粉', '18-1.jpeg,18-2.jpeg,18-3.jpeg,18-4.jpeg,18-5.jpeg,18-6.jpeg', '18-1.jpeg', '18-detail1.jpg,18-detail2.jpg,18-detail3.jpg,18-detail4.jpg', '彈性 / 防磨 / 防曬 / 防寒', '尼龍+氯丁橡膠發泡貼合\n防寒、保溫、絕緣\n彈性、延展性佳\n立體身形版型\n後方拉鍊帶便於自行穿脫\n膝蓋防磨膠印\n脇邊印花設計、胸前LOGO印刷\n台灣製造', 0, '2024-03-12 04:22:44'),
(19, '男款2mm連身長袖長褲防寒衣', 'ADISI', '防寒衣', 6800, 6200, 'S,M,L,XL,2XL', '紅,藍', '19-1.jpeg,19-2.jpeg,19-3.jpeg,19-4.jpeg,19-5.jpeg,19-6.jpeg', '19-1.jpeg', '19-detail1.jpg,19-detail2.jpg,19-detail3.jpg,19-detail4.jpg', '彈性 / 防磨 / 防曬 / 防寒', '尼龍+氯丁橡膠發泡貼合\n防寒、保溫、絕緣\n彈性、延展性佳\n立體身形版型\n後方拉鍊帶便於自行穿脫\n膝蓋防磨膠印\n脇邊印花設計、胸前LOGO印刷\n台灣製造', 0, '2024-03-12 04:22:44'),
(20, '青少年款2MM連身長袖長褲防寒衣', 'ADISI', '防寒衣', 5900, NULL, 'S,M,L,XL', '藍,紅', '20-1.jpeg,20-2.jpeg,20-3.jpeg,20-4.jpeg', '20-1.jpeg', '20-detail1.jpg,20-detail2.jpg,20-detail3.jpg', '彈性 / 防磨 / 防曬 / 防寒', '尼龍+氯丁橡膠發泡貼合\n防寒、保溫、絕緣\n彈性、延展性佳\n立體身形版型\n後方拉鍊帶便於自行穿脫\n膝蓋防磨膠印\n脇邊印花設計、胸前LOGO印刷\n台灣製造', 0, '2024-03-12 04:22:44'),
(21, '套腳式長蛙鞋', 'AROPEC', '蛙鞋', 3500, 3380, 'XS,S,M,L', '黑', '21-1.jpeg,21-2.jpeg,21-3.jpeg', '21-1.jpeg', '21-detail2.jpg,21-detail3.jpg,21-detail4.jpg,21-detail6.jpg,21-detail7.jpg,21-detail8.jpg', '橡膠材質舒適套腳 / 防滑', '耐用性橡膠材質製成的舒適套腳，能夠有效的將力道傳達至蹼面\n高彈性Poly蹼面，兩側軟硬適度的支撐骨架，強化推進能力，省力又快速\n拍面上的小凹面設計讓使用者游泳和潛水長時間在較淺的水域中較平衡\n開放出水口設計，划水水流不停留\n防滑鞋底，凸起鞋底，防滑更穩定\n塑膠拍面，橡膠鞋口', 0, '2024-03-12 04:22:44'),
(22, '調整式蛙鞋', 'AROPEC', '蛙鞋', 3000, 2700, 'L,XL', '黃,紅', '22-1.jpeg,22-2.jpeg,22-3.jpeg,22-4.jpeg', '22-1.jpeg', '22-detail1.jpg,22-detail2.jpg,22-detail3.jpg,22-detail4.jpg,22-detail5.jpeg', '快卸設計 / 蹼面兩側符合人體工學 / 防滑', 'PP拍面+TPR鞋口，整體採複合式橡膠主體\n蹼面特殊四道導流線設計，加倍強化推進力，更有效率的帶動水流\n橡膠側面龍骨，強化蛙鞋蹼面彈性伸展及發揮最大效率\n橡膠蛙鞋快卸帶，可調整式設計，適用於多數尺碼腳型\n蹼面兩側穩定翼的設計 可增加穩定性及避免腳踝扭傷，符合人體工學\n防滑鞋底，凸起鞋底，防滑更穩定', 0, '2024-03-12 04:22:44'),
(23, 'Swift 套腳式橡膠蛙鞋', 'AROPEC', '蛙鞋', 1600, NULL, 'S,M,L', '黑,藍,橘,粉', '23-1.jpeg,23-2.jpeg,23-3.jpeg,23-4.jpeg', '23-1.jpeg', '23-detail1.jpg,23-detail2.jpg,23-detail3.jpg,23-detail4.jpg', '橡膠拍面，彈性佳且推進力強 / 不易變形', '橡膠材質柔軟舒適腳套，穿著無壓迫感\n橡膠拍面，彈性佳且推進力強，輕鬆不費力\n材質堅靭耐用，不易變形\n適合浮潛', 0, '2024-03-12 04:22:44'),
(24, 'Grace 套腳式塑膠蛙鞋', 'AROPEC', '蛙鞋', 1600, 1200, 'S,M,L', '藍', '24-1.jpeg,24-2.jpeg,24-3.jpeg', '24-1.jpeg', '24-detail1.jpeg,24-detail2.jpeg,24detail3.jpeg,24-detail4.jpeg', '腳袋符合人體工學設計 / 防滑', '開放出水口設計，划水水流不停留\n腳袋符合人體工學設計，穿戴柔軟且舒適\n防滑鞋底更安全，凸起鞋底，防滑更穩定\n塑膠拍面，推進力強，踢動輕鬆不費力\n蹼片兩邊稜角凸，滑水更有效率', 0, '2024-03-12 04:22:44'),
(25, '調整式蛙鞋', 'Unidive', '蛙鞋', 1300, 990, 'M,L,XL', '藍', '25-1.jpeg,25-2.jpeg', '25-1.jpeg', '25-detail1.jpg,25-detail2.jpg,25detail3.jpeg,25-detail4.jpg', '腳袋符合人體工學設計 / 防滑', '人體工學設計，穩定性高、延展性強\n開放出水口設計，划水水流不停留\n蹼面2道導流線設計，加倍強化推進力\n防滑鞋底更安全，凸起鞋底，防滑更穩定\n蹼片兩邊稜角凸，滑水更有效率', 0, '2024-03-12 04:22:44'),
(26, '套腳式蛙鞋', 'Unidive', '蛙鞋', 1300, 990, 'M,L,XL', '黃', '26-1.jpg', '26-1.jpg', '26-detail1.jpg,26-detail2.jpg,26detail3.jpeg,26-detail4.jpg', '腳袋符合人體工學設計 / 防滑', '人體工學設計，穩定性高、延展性強\n開放出水口設計，划水水流不停留\n蹼面2道導流線設計，加倍強化推進力\n防滑鞋底更安全，凸起鞋底，防滑更穩定\n蹼片兩邊稜角凸，滑水更有效率', 0, '2024-03-12 04:22:44'),
(27, '雙眼面鏡', 'ADISI', '面鏡', 990, NULL, 'F', '黑,藍,黃,白', '27-1.jpg,27-2.jpg,27-3.jpg,27-4.jpg', '27-1.jpg', '27-detail1.jpg,27-detail2.jpg,27-detail3.jpg', '視野廣 / 貼合度佳 / 平衡內外壓力', '視野廣、貼合度佳、平衡內外壓力\n單面鏡/強化玻璃面鏡\n矽膠面鏡裙罩、面鏡帶', 0, '2024-03-12 04:22:44'),
(28, '潛水手電筒', 'PrincetonTec', '配件', 2800, NULL, 'F', '黑,黃', '28-1.jpeg,28-2.jpeg,28-3.jpeg', '28-1.jpeg', '28-detail1.jpg,28-detail2.jpg,28-detail3.jpeg', '330流明 / 實測可持續照明30小時', '330流明\n持續照明達30小時\n含電池重量365g\n8顆AA鹼性電池\n燈光模式一段', 0, '2024-03-12 04:22:44'),
(29, '潛水探照燈', 'PrincetonTec', '配件', 4080, NULL, 'F', '黑,黃,藍,粉', '29-1.png', '29-1.png', '29-detail1.jpeg,29-detail2.webp,29-detail3.webp', '550流明 / 防水', '550流明.LEVEL 3防水\n最遠照射距離200米\n4顆C Cell電池\n美國製', 0, '2024-03-12 04:22:44'),
(30, '圓筒單肩防水背包(23L)', 'ADISI', '配件', 850, NULL, 'F', '藍,紅,綠', '30-1.jpeg,30-2.jpeg,30-3.jpeg', '30-1.jpeg', '30-detail1.jpg,30-detail2.jpg,30-detail3.jpeg,30-detail4.jpeg', '輕量 / 方便 / 防水', '尺寸：M (大)\n 承受限重5公斤以內\n 單肩/側背', 0, '2024-03-12 04:22:44'),
(31, '2MM潛水手套', 'HeleiWaho', '配件', 890, NULL, 'S,M,L', '黑,藍', '31-1.png,31-2.png,31-3.png', '31-1.png', '31-detail1.png,31-detail2.png,31-detail3.png,31-detail4.png,31-detail5.png', '耐磨 / 防滑 / UV防曬', '來自日本HeleiWaho\n2MM厚度\n良好的耐用性與抓地力\n服貼且高耐久性\nUV防曬\n高保暖，舒適度\n防滑效果佳\n材質：2MM氯丁橡膠 / Amara人工皮革', 0, '2024-03-12 04:31:54'),
(32, '耐磨潛水手套', 'HeleiWaho', '配件', 790, NULL, 'S,M,L', '黑,藍,綠,粉', '32-1.png,32-2.png,32-3.png,32-4.png,32-5.png', '32-1.png', '32-detail1.png,32-detail2.png,32-detail3.png,32-detail4.png,32-detail5.png', '耐磨 / 防滑 / UV防曬', '來自日本HeleiWaho\n良好的耐用性與抓地力\n服貼且高耐久性\nUV防曬\n高保暖，舒適度\n防滑效果佳\n材質：2MM氯丁橡膠 / Amara人工皮革', 0, '2024-03-12 04:31:54'),
(33, '護髮面鏡帶', 'HeleiWaho', '配件', 580, NULL, 'F', '黑,棕,粉', '33-1.png,33-2.png', '33-1.png', '33-detail1.png,33-detail2.png', '方便 / 舒適', '來自日本HeleiWaho\n使用抗紫外線材料免頭髮曬傷\n內側使用皮面\n有效固定面鏡帶\n可避免面鏡帶與髮帶纏繞，穿戴更加舒適\n當面鏡靜置時，可用來保護面鏡不被磨損\n材質：NEOPRENE', 0, '2024-03-12 04:31:54'),
(34, '圓筒單肩防水背包(41L)', 'ADISI', '配件', 1090, 990, 'F', '綠', '34-1.jpeg', '34-1.jpeg', '34-detail1.jpg,34-detail2.jpg,34-detail3.jpeg,34-detail4.jpeg', '輕量 / 方便 / 防水', '尺寸：XS (小)\n 承受限重5公斤以內\n 單肩/側背', 0, '2024-03-12 04:31:54'),
(35, '男款2MM短袖長褲後拉防寒衣', 'MYSTIC', '防寒衣', 8200, NULL, 'S,M,L,XL', '黑', '35-1.png,35-2.png', '35-1.png', '35-detail1.png,35-detail2.png,35-detail3.png', '後拉式拉鍊設計', '厚度2MM\n 頸部加厚\n 平車針縫\n 材質75%M-Flex', 0, '2024-03-12 04:31:54'),
(36, '青少年款2MM長袖後拉防寒衣', 'MYSTIC', '防寒衣', 7200, 6600, 'XS,S,M', '藍', '36-1.png,36-2.png', '36-1.png', '36-detail1.png,36-detail2.png,36-detail3.png', '後拉式拉鍊設計', '厚度2MM\n 頸部加厚\n 平車針縫\n 材質75%M-Flex', 0, '2024-03-12 04:31:54'),
(37, '男款2MM長袖短褲後拉防寒衣', 'MYSTIC', '防寒衣', 8200, NULL, 'S,M,L,XL', '黑', '37-1.png,37-2.png', '37-1.png', '37-detail1.png,37-detail2.png,37-detail3.png', '後拉式拉鍊設計', '厚度2MM\n 頸部加厚\n 平車針縫\n 材質75%M-Flex', 0, '2024-03-12 04:31:54'),
(38, '男款2MM長袖長褲後拉防寒衣', 'MYSTIC', '防寒衣', 9000, 7900, 'S,M,L,XL', '黑', '38-1.png,38-2.png', '38-1.png', '38-detail1.png,38-detail2.png,38-detail3.png', '後拉式拉鍊設計', '厚度2MM\n 頸部加厚\n 平車針縫\n 材質75%M-Flex', 0, '2024-03-12 04:31:54'),
(39, '女款2MM長袖長褲後拉防寒衣', 'MYSTIC', '防寒衣', 9000, 7900, 'S,M', '黑', '39-1.png,39-2.png', '39-1.png', '39-detail1.png,39-detail2.png,39-detail3.png', '後拉式拉鍊設計', '厚度2MM\n 頸部加厚\n 防滑袖口\n 平車針縫\n 材質75%M-Flex', 0, '2024-03-12 04:31:54'),
(40, '全乾式呼吸管', 'ADISI', '呼吸管', 850, NULL, 'F', '黑,藍,黃,粉', '40-1.jpg,40-2.jpg,40-4.jpg,40-5.jpg', '40-1.jpg', '40-detail1.jpg,40-detail2.jpg,40-detail3.jpg', '流線管身 / 矽膠咬嘴 / 快拆式扣具', '流線型標準長度管身\n可彎曲彈性矽膠波紋連接管\n人體工學設計矽膠咬嘴\n快拆式扣具/排水閥/防浪頭', 0, '2024-03-12 04:31:54'),
(41, '雙眼面鏡', 'ADISI', '面鏡', 790, 580, 'F', '紅,藍,黃', '41-1.jpg,41-2.jpg,41-3.jpg', '41-1.jpg', '41-detail1.jpg,41-detail2.jpg', '視野廣 / 貼合度佳 / 平衡內外壓力', '視野廣、貼合度佳、平衡內外壓力\n雙面/單色鏡框\n強化玻璃面鏡\n矽膠面鏡裙罩', 0, '2024-03-12 04:31:54'),
(42, '簡易呼吸管', 'ADISI', '呼吸管', 650, NULL, 'F', '黑', '42-1.jpg', '42-1.jpg', '42-detail1.jpg,42-detail2.jpg,42-detail3.jpg,42-detail4.jpg', '流線管身 / 矽膠咬嘴 / 快拆式扣具', '呼吸管按壓扣具設計，安裝到面鏡帶上超方便\n 特殊呼吸軟管設計，能夠彎折適合各種臉型，且不影響呼吸量\n 柔軟矽膠咬嘴，輕含於齒痕處，嘴唇包住外圍即可', 0, '2024-03-12 04:31:54'),
(43, '雙眼面鏡', 'ADISI', '面鏡', 990, 680, 'F', '紅,綠,藍', '43-1.jpg,43-2.jpg,43-3.jpg', '43-1.jpg', '43-detail1.jpg,43-detail2.jpg', '視野廣 / 貼合度佳 / 平衡內外壓力', '視野廣、貼合度佳、平衡內外壓力\n單面鏡/強化玻璃面鏡\n矽膠面鏡裙罩、面鏡帶', 0, '2024-03-12 04:31:54'),
(44, '男款3MM短袖防寒衣', 'HeleiWaho', '防寒衣', 3100, NULL, 'M,L', '黑', '44-1.png,44-2.webp', '44-1.png', '44-detail1.webp,44-detail2.webp', '手部3D剪裁、背部弧形設計，有效減少曝曬', '來自日本HeleiWaho\r\n膝蓋彈力護膝 增加活動保護度\r\n胸口 DURAflex 鯊魚皮 面料\r\n有效維持溫度\r\n高品質平針車縫\r\n採用全身3mm厚度\r\n頸部乳膠設計 有效增加防水性及穿著舒適度\r\nHeleiWaho的Classic系列防寒衣\r\n好穿脫的背拉設計\r\n材質 DURAflex機能性面料', 0, '2024-03-12 04:31:54'),
(45, '女款3MM防寒衣', 'HeleiWaho', '防寒衣', 7400, NULL, 'S,M', '黑', '45-1.webp,45-2.webp', '45-1.webp', '45-detail1.webp,45-detail2.webp', '手部3D剪裁、背部弧形設計，有效減少曝曬', '來自日本HeleiWaho\r\n膝蓋彈力護膝 增加活動保護度\r\n胸口 DURAflex 鯊魚皮 面料\r\n有效維持溫度\r\n高品質平針車縫\r\n採用全身3mm厚度\r\n頸部乳膠設計 有效增加防水性及穿著舒適度\r\nHeleiWaho的Classic系列防寒衣\r\n好穿脫的背拉設計\r\n材質 DURAflex機能性面料', 0, '2024-03-12 04:31:54'),
(46, '男款3MM防寒衣', 'HeleiWaho', '防寒衣', 7400, NULL, 'S,M,L', '黑', '46-1.webp,46-2.webp', '46-1.webp', '46-detail1.png,46-detail2.webp', '手部3D剪裁、背部弧形設計，有效減少曝曬', '來自日本HeleiWaho\r\n膝蓋彈力護膝 增加活動保護度\r\n胸口 DURAflex 鯊魚皮 面料\r\n有效維持溫度\r\n高品質平針車縫\r\n採用全身3mm厚度\r\n頸部乳膠設計 有效增加防水性及穿著舒適度\r\nHeleiWaho的Classic系列防寒衣\r\n好穿脫的背拉設計\r\n材質 DURAflex機能性面料\r\n尺寸 S/M/L', 0, '2024-03-12 04:36:13'),
(47, '超廣角三面鏡', 'ADISI', '面鏡', 1200, 880, 'F', '藍,黃', '47-2.jpg,47-3.jpg', '47-2.jpg', '47-detail1.jpg,47-detail2.jpg', '清晰視野 / 簡單易用 / 輕便', '視野廣、貼合度佳、平衡內外壓力\n 強化玻璃面鏡\n 矽膠面鏡裙罩、面鏡帶', 0, '2024-03-12 04:36:13'),
(48, '雙片面鏡', 'Unidive', '面鏡', 790, NULL, 'F', '黑,紅,藍', '48-1.jpg,48-2.jpg,48-3.jpg', '48-1.jpg', '48-detail1.jpg,48-detail2.jpg,48-detail3.jpg,48-detail4.jpg', '成人用 / 可換鏡面 / 附排水閥', '體積小，重量輕\n 高品質水晶矽膠裙帶，配戴舒適\n 耐衝擊聚碳酸酯面罩框架\n 鋼化玻璃符合ANSI標準\n 旋轉扣，用於簡單的鏡帶調整\n 附可提式面鏡收納盒', 0, '2024-03-12 04:36:13'),
(49, '自由潛水呼吸管', 'ADISI', '呼吸管', 880, 680, 'F', '黑', '49-1.jpg', '49-1.jpg', '49-detail1.jpg,49-detail2.jpg', '流線管身 / 矽膠咬嘴 / 快拆式扣具', '流線型標準長度管身\n可彎曲彈性矽膠波紋連接管\n人體工學設計矽膠咬嘴\n快拆式扣具/排水閥/防浪頭', 0, '2024-03-12 04:36:13'),
(50, '呼吸管', 'ADISI', '呼吸管', 650, NULL, 'F', '黑,藍,黃,粉', '50-1.jpg,50-3.jpg,50-4.jpg,50-5.jpg', '50-1.jpg', '50-detail1.jpg,50-detail2.jpg,50-detail3.jpg', '輕巧 / 柔軟矽膠咬嘴', '呼吸管按壓扣具設計，安裝到面鏡帶上超方便\n特殊呼吸軟管設計，能夠彎折適合各種臉型，且不影響呼吸量\n柔軟矽膠咬嘴，輕含於齒痕處，嘴唇包住外圍即可', 0, '2024-03-12 04:36:13'),
(51, '男款3MM兩截式高彈性防寒衣', 'OceanMax', '防寒衣', 9200, 8800, 'S,M,L,XL', '黑', '51-1.png,51-2.png', '51-1.png', '51-detail1.webp,51-detail2.png', '特殊穿脫設計 / 超彈性布料 ', '高彈性防寒衣2024年款，外觀更加立體動感\n3mm厚度，腋下使用超彈布料，接合處採用盲縫編織法，穿著舒適、活動延展性佳\n膝蓋位置加厚軟墊，防護升級\n採用YKK塑鋼拉鍊，品質優良\n袖口及褲口，除了設計方便穿脫的拉鍊，內部擋水布並印有尺寸標，可清楚辨識\n臀部為防磨布料，肩膀特殊設計防滑印刷，幫助穩固BCD不滑脫', 0, '2024-03-12 04:36:13'),
(52, '女款3MM兩截式高彈性防寒衣', 'OceanMax', '防寒衣', 9200, 8800, 'S,M,L', '黑', '52-1.png,52-2.png', '52-1.png', '52-detail1.webp,52-detail2.png', '特殊穿脫設計 / 超彈性布料 ', '高彈性防寒衣2024年款，外觀更加立體動感\n3mm厚度，腋下使用超彈布料，接合處採用盲縫編織法，穿著舒適、活動延展性佳\n膝蓋位置加厚軟墊，防護升級\n採用YKK塑鋼拉鍊，品質優良\n袖口及褲口，除了設計方便穿脫的拉鍊，內部擋水布並印有尺寸標，可清楚辨識\n臀部為防磨布料，肩膀特殊設計防滑印刷，幫助穩固BCD不滑脫', 0, '2024-03-12 04:36:13'),
(53, '男款3MM連身式高彈性防寒衣', 'OceanMax', '防寒衣', 9800, NULL, 'S,M,L,XL', '黑', '53-1.png,53-2.png', '53-1.png', '53-detail1.webp,53-detail2.png', '特殊穿脫設計 / 超彈性布料 ', '高彈性防寒衣，立體剪裁設計，穿著舒適、活動延展性佳\n厚度3mm，接合處採用盲縫編織法，膝蓋位置並強化防磨與防護\n後背採用YKK塑鋼拉鍊，搭配手拉繩，方便穿著及卸裝\n袖口及褲口，設計小開口搭配拉鍊，更方便穿脫，拉鍊內部皆使用擋水布設計，有效阻隔海水進入', 0, '2024-03-12 04:36:13'),
(54, '女款3MM連身式高彈性防寒衣', 'OceanMax', '防寒衣', 9800, NULL, 'S,M,L', '黑', '54-1.png,54-2.png', '54-1.png', '54-detail1.webp,54-detail2.png', '特殊穿脫設計 / 超彈性布料 ', '高彈性防寒衣，立體剪裁設計，穿著舒適、活動延展性佳\n厚度3mm，接合處採用盲縫編織法，膝蓋位置並強化防磨與防護\n後背採用YKK塑鋼拉鍊，搭配手拉繩，方便穿著及卸裝\n袖口及褲口，設計小開口搭配拉鍊，更方便穿脫，拉鍊內部皆使用擋水布設計，有效阻隔海水進入', 0, '2024-03-12 04:36:13'),
(55, '防寒頭套背心', 'OceanMax', '防寒衣', 4200, 4000, 'S,M,L', '黑', '55-1.png,55-2.png,55-3.png', '55-1.png', '55-detail1.webp,55-detail2.png', '防寒 / 舒適', '3.0mm 防寒頭套背心\n低溫天氣及寒冷水域搭配防寒衣使用\n可進一步防止體溫流失浪', 0, '2024-03-12 04:36:13'),
(56, '2MM潛水手套', 'OceanMax', '配件', 890, 800, 'S,M,L', '黑', '56-1.png', '56-1.png', '56-1.png', '防寒 / 舒適', '2mm 潛水手套\n有 S，M，L 三種尺寸可供選擇', 0, '2024-03-12 04:36:13'),
(57, '潛水套鞋', 'OceanMax', '配件', 1290, 990, 'S,M,L', '黑', '57-1.png', '57-1.png', '57-1.png', '防寒 / 舒適 / 耐磨', '5mm超厚耐磨布料，提供最佳保護力\n10mm毛氈底，耐磨且降低損耗\nYKK大頭塑鋼拉鍊，耐用且不容易損壞\n有 S，M，L 三種尺寸可供選擇', 0, '2024-03-12 04:36:13'),
(58, '潛水裝備袋', 'OceanMax', '配件', 1980, NULL, 'F', '黑', '58-1.png,58-2.png,58-3.webp', '58-1.png', '58-1.png,58-2.png,58-3.webp', '容積：約90L\n尺寸：長65cm，寬37cm，高46cm', '特選PVC材質，強韌耐用\n大開口拉鍊，可輕易收納、拿取裝備\n網狀結構便利清洗裝備、也可有效排水\n容積：約90L\n尺寸：長65cm，寬37cm，高46cm', 0, '2024-03-12 04:36:13'),
(59, '求生哨', 'OceanMax', '配件', 240, NULL, 'F', '黑', '59-1.png', '59-1.png', '59-1.png', '高分貝水面求生哨，易於配戴於口袋或腰帶上', '高分貝水面求生哨，易於配戴於口袋或腰帶上', 0, '2024-03-12 04:36:13'),
(60, '面鏡用護髮套', 'OceanMax', '配件', 350, NULL, 'F', '黑', '60-1.png', '60-1.png', '60-1.png', '可防止面鏡帶拉扯頭髮，方便快速穿戴面鏡', '可防止面鏡帶拉扯頭髮，方便快速穿戴面鏡', 0, '2024-03-12 04:36:13'),
(61, 'BCD小刀', 'OceanMax', '配件', 1400, 1050, 'F', '黑', '61-1.png,61-2.webp,61-3.webp', '61-1.png', '61-2.webp,61-3.webp', 'BCD潛水刀，輕巧17CM，不鏽鋼鋸齒狀刀刃', '使用304不銹鋼\n鈍頭刀型\n加長鋸齒更易切割\n容易抽取，有安全鎖槽\n可配戴於中壓管上\n可配戴於BC上(需有小刀孔)\n刀鞘可另外準備綁帶安裝於小腿或手臂上\n規格：全長 : 170mm ，刀刃長: 70mm ，刀柄長: 100mm', 0, '2024-03-12 04:36:13'),
(62, '浮力袋', 'OceanMax', '配件', 1200, 850, 'F', '橘', '62-1.png,62-2.webp', '62-1.png', '62-1.png,62-2.webp', '總長度136公分', '攜帶方便，操作便利\n總長度136公分\n可用簽字筆書寫姓名\n3D立體設計，浮力更大', 0, '2024-03-12 04:36:13'),
(63, '防水置物盒', 'OceanMax', '配件', 350, NULL, 'S,L', '藍', '63-1.png,63-2.webp,63-3.webp', '63-1.png', '63-1.png,63-2.webp,63-3.webp', '方便 / 輕量', '適用於存放太陽眼鏡，鑰匙，零錢等小物。\n大置物盒內部尺寸（Ｌ）：52.5mm(內徑)X128mm(高)\n小置物盒內部尺寸（Ｓ）：48mm(內徑)X110mm(高)', 0, '2024-03-12 04:36:13'),
(64, '自由潛水裝備袋', 'OceanMax', '配件', 2900, 2650, 'F', '藍,黑,紅', '64-1.png,64-2.webp,64-3.webp', '64-1.png', '64-1.png,64-2.webp,64-3.webp', '方便 / 輕量', '使用PVC加厚防水布\n容量大，可置放1~2整套自由潛水裝備\n內部有側面防水小袋，可置放重要物品\n尺寸：寬100公分/高25公分/深20公分', 0, '2024-03-12 04:36:13'),
(65, '低容積面鏡', 'OceanMax', '面鏡', 1140, NULL, 'F', '黑', '65-1.png,65-2.png', '65-1.png', '65-1.png,65-2.png', '低容積 / 輕量', '低容積面鏡，採用符合CE標準之強化玻璃的鏡片\n搭配柔軟的塑膠材質面皮，能適應各種臉型\n低容積，輕量化，適合漁獵或自由潛水者使用', 0, '2024-03-12 04:36:13'),
(66, '可摺疊式自潛呼吸管', 'OceanMax', '呼吸管', 1350, 950, 'F', '黑', '66-1.png,66-2.webp', '66-1.png', '66-1.png,66-2.webp', '可摺疊式自潛呼吸管 / 易收納', '可摺疊式自潛呼吸管，採用可彎折材質，彈性優良\n可摺疊收納。咬嘴使用無毒矽膠材質\n專為漁獵及自由潛水設計', 0, '2024-03-12 04:36:13'),
(67, '單面鏡', 'ADISI', '面鏡', 1050, NULL, 'F', '黑,白', '67-2.jpg,67-3.jpg', '67-2.jpg', '67-detail1.jpg,67-detail2.jpg,67-detail3.jpg', '清晰視野 / 簡單易用 / 輕便', '視野廣、貼合度佳、平衡內外壓力\n單面鏡/強化玻璃面鏡\n矽膠面鏡裙罩、面鏡帶', 0, '2024-03-12 04:36:13'),
(68, '圓筒單肩防水背包(8L)', 'ADISI', '配件', 690, NULL, 'F', '藍,紅,綠', '68-1.jpeg,68-2.jpeg,68-3.jpeg', '68-1.jpeg', '68-detail1.jpg,68-detail2.jpg,68-detail3.jpeg,68-detail4.jpeg', '輕量 / 方便 / 防水', '尺寸：M (大)\n 承受限重5公斤以內\n 單肩/側背', 0, '2024-03-12 04:36:13'),
(69, '快扣式蛙鞋', 'HeleiWaho', '蛙鞋', 4000, 3500, 'S,M,L', '黑,粉,黃,白,藍', '69-1.webp,69-2.webp,69-3.webp,69-4.webp,69-5.webp,69-6.webp', '69-1.webp', '69-detail1.webp,69-detail2.webp', '輕量 / 方便攜帶', '來自日本HeleiWaho\n多種顏色選擇\n複合材質更堅固\n輕量型方便攜帶\n卸扣可拆 快扣式調整\n適用於浮潛腳蹼\n附收納袋\n小型化，適合水上運動', 0, '2024-03-12 04:36:13'),
(70, '圓筒單肩防水背包(5L)', 'ADISI', '配件', 590, NULL, 'F', '藍,紅,綠', '70-1.jpeg,70-2.jpeg,70-3.jpeg', '70-1.jpeg', '70-detail1.jpg,70-detail2.jpg,70-detail3.jpeg,70-detail4.jpeg', '輕量 / 方便 / 防水', '尺寸：XXS (最小)\n 承受限重5公斤以內\n 單肩/側背', 0, '2024-03-12 04:36:13'),
(71, '肩背式防水背包(20L)', 'ADISI', '配件', 1500, 900, 'F', '藍', '71-1.jpeg,71-2.jpeg,71-3.jpeg,71-4.jpeg', '71-1.jpeg', '71-detail1.jpg,71-detail2.jpg,71-detail3.jpeg', '輕量 / 方便 / 防水', '三明治網布透氣背帶\n 70D尼龍貼合TPU \n 75D Poly深灰底\n 扣帶設計可吊掛', 0, '2024-03-12 04:36:13'),
(72, '軟式呼吸管', 'HeleiWaho', '呼吸管', 1650, NULL, 'F', '黑,黃,藍,粉', '72-1.webp,72-2.webp,72-3.webp,72-4.webp,72-5.webp', '72-1.webp', '72-detail1.webp', '輕巧 / 柔軟矽膠咬嘴', '來自日本HeleiWaho\r\n半乾式呼吸管\r\n擋浪頭設計\r\n可調整快扣\r\n多種顏色選擇\r\n軟管設計', 0, '2024-03-12 04:36:13'),
(73, '可收納軟式呼吸管', 'HeleiWaho', '呼吸管', 1850, 1650, 'F', '黑,白', '73-1.webp,73-2.webp,73-3.webp', '73-1.webp', '73-detail1.webp,73-detail2.webp', '折疊式 / 方便攜帶及收納', '來自日本HeleiWaho\r\n折疊式呼吸軟管 高彈力\r\n造型收納盒方便攜帶\r\n整體矽膠材質 易於捲曲收藏', 0, '2024-03-12 04:36:13'),
(74, '男女通用款面鏡', 'HeleiWaho', '面鏡', 2880, NULL, 'F', '黑', '74-1.webp,74-2.webp', '74-1.webp', '74-1.webp,74-2.webp', '視野廣 / 貼合度佳 / 方便攜帶', '來自日本HeleiWaho\n深形的鼻袋\n符合亞洲人臉型\n男女通用款式\n單觸扣面鏡帶調整 輕易拉緊放鬆\n體積小，便於潛水時平衡壓力\n提供更廣泛的視野以及更好的配戴舒適度\n鏡頭面大在水下拍照也能清晰地看到眼睛', 0, '2024-03-12 04:36:13'),
(75, '潛水裝備袋(98L)', 'HeleiWaho', '配件', 2280, NULL, 'F', '黑', '75-1.webp,75-2.webp', '75-1.webp', '75-2.webp,75-3.webp', '輕量 / 防水 / 98L大容量', '來自日本HeleiWaho\r\n手提 網布/防水快乾處理\r\n可容納重裝備\r\n全網布處理快乾設計\r\n把手長度可調整\r\n雙向拉鍊開啟設計\r\n98L大容量\r\n尺寸 70X40X35cm\r\n產品材質 100%Mesh', 0, '2024-03-12 04:36:13');

-- --------------------------------------------------------

--
-- 資料表結構 `star`
--

CREATE TABLE `star` (
  `id` int(5) NOT NULL,
  `product_id` int(5) NOT NULL,
  `user_id` varchar(255) DEFAULT NULL,
  `lesson_id` int(5) DEFAULT NULL,
  `score` int(1) NOT NULL,
  `comment` text NOT NULL,
  `created_at` datetime NOT NULL DEFAULT current_timestamp()
) ENGINE=InnoDB DEFAULT CHARSET=utf8mb4 COLLATE=utf8mb4_unicode_ci;

--
-- 傾印資料表的資料 `star`
--

INSERT INTO `star` (`id`, `product_id`, `user_id`, `lesson_id`, `score`, `comment`, `created_at`) VALUES
(4, 1, 'db216ae0-08d2-00e9-416c-b98a460ccf75', NULL, 5, 'CP值很高', '2024-03-15 23:31:02'),
(5, 1, '16eedcd8-6ab9-b86e-fbfc-30f90da7151c', NULL, 5, '讚', '2024-03-16 02:20:33'),
(8, 1, '281c43e3-e853-4049-cc99-8cf45f5f6bed', NULL, 4, '很棒', '2024-03-18 22:39:47'),
(13, 2, '281c43e3-e853-4049-cc99-8cf45f5f6bed', NULL, 5, 'CP值很高', '2024-03-18 23:29:14'),
(14, 4, '281c43e3-e853-4049-cc99-8cf45f5f6bed', NULL, 4, 'CP值很高', '2024-03-20 16:10:31'),
(15, 3, 'db216ae0-08d2-00e9-416c-b98a460ccf75', NULL, 5, 'CP值很高', '2024-03-20 18:06:23'),
(16, 5, 'db216ae0-08d2-00e9-416c-b98a460ccf75', NULL, 5, 'CP值很高', '2024-03-20 18:07:13'),
(18, 6, 'db216ae0-08d2-00e9-416c-b98a460ccf75', NULL, 5, 'CP值很高', '2024-03-20 18:11:44'),
(19, 7, 'db216ae0-08d2-00e9-416c-b98a460ccf75', NULL, 4, 'CP值很高', '2024-03-20 18:11:44'),
(20, 8, 'db216ae0-08d2-00e9-416c-b98a460ccf75', NULL, 3, 'CP值很高', '2024-03-20 18:11:44'),
(21, 9, 'db216ae0-08d2-00e9-416c-b98a460ccf75', NULL, 4, 'CP值很高', '2024-03-20 18:11:44'),
(22, 10, 'db216ae0-08d2-00e9-416c-b98a460ccf75', NULL, 5, 'CP值很高', '2024-03-20 18:11:44'),
(23, 11, 'db216ae0-08d2-00e9-416c-b98a460ccf75', NULL, 5, 'CP值很高', '2024-03-20 18:11:44'),
(24, 12, 'db216ae0-08d2-00e9-416c-b98a460ccf75', NULL, 5, 'CP值很高', '2024-03-20 18:11:44'),
(25, 13, 'db216ae0-08d2-00e9-416c-b98a460ccf75', NULL, 5, 'CP值很高', '2024-03-20 18:11:44'),
(26, 14, 'db216ae0-08d2-00e9-416c-b98a460ccf75', NULL, 5, 'CP值很高', '2024-03-20 18:11:44'),
(27, 15, 'db216ae0-08d2-00e9-416c-b98a460ccf75', NULL, 5, 'CP值很高', '2024-03-20 18:11:44'),
(28, 16, 'db216ae0-08d2-00e9-416c-b98a460ccf75', NULL, 5, 'CP值很高', '2024-03-20 18:11:44'),
(29, 17, 'db216ae0-08d2-00e9-416c-b98a460ccf75', NULL, 5, 'CP值很高', '2024-03-20 18:11:44'),
(30, 18, 'db216ae0-08d2-00e9-416c-b98a460ccf75', NULL, 5, 'CP值很高', '2024-03-20 18:11:44'),
(31, 19, 'db216ae0-08d2-00e9-416c-b98a460ccf75', NULL, 5, 'CP值很高', '2024-03-20 18:11:44'),
(32, 20, 'db216ae0-08d2-00e9-416c-b98a460ccf75', NULL, 5, 'CP值很高', '2024-03-20 18:11:44'),
(35, 73, 'db216ae0-08d2-00e9-416c-b98a460ccf75', NULL, 5, 'CP值很高', '2024-03-20 18:13:40'),
(36, 74, 'db216ae0-08d2-00e9-416c-b98a460ccf75', NULL, 4, 'CP值很高', '2024-03-20 18:13:40'),
(37, 75, 'db216ae0-08d2-00e9-416c-b98a460ccf75', NULL, 5, 'CP值很高', '2024-03-20 18:13:40'),
(38, 72, 'db216ae0-08d2-00e9-416c-b98a460ccf75', NULL, 4, 'CP值很高', '2024-03-20 18:13:40'),
(39, 71, 'db216ae0-08d2-00e9-416c-b98a460ccf75', NULL, 4, 'CP值很高', '2024-03-20 18:13:40'),
(40, 69, 'db216ae0-08d2-00e9-416c-b98a460ccf75', NULL, 4, 'CP值很高', '2024-03-20 18:13:40'),
(41, 70, 'db216ae0-08d2-00e9-416c-b98a460ccf75', NULL, 4, 'CP值很高', '2024-03-20 18:13:40'),
(42, 68, 'db216ae0-08d2-00e9-416c-b98a460ccf75', NULL, 4, 'CP值很高', '2024-03-20 18:13:40'),
(43, 67, 'db216ae0-08d2-00e9-416c-b98a460ccf75', NULL, 4, 'CP值很高', '2024-03-20 18:13:40'),
(44, 3, '281c43e3-e853-4049-cc99-8cf45f5f6bed', NULL, 5, '值得推薦!!好用～', '2024-03-20 18:19:07'),
(45, 5, '281c43e3-e853-4049-cc99-8cf45f5f6bed', NULL, 5, '值得推薦!!好用～', '2024-03-20 18:19:07'),
(46, 6, '281c43e3-e853-4049-cc99-8cf45f5f6bed', NULL, 5, '值得推薦!!好用～', '2024-03-20 18:22:24'),
(47, 7, '281c43e3-e853-4049-cc99-8cf45f5f6bed', NULL, 4, '值得推薦!!好用～', '2024-03-20 18:22:24'),
(48, 8, '281c43e3-e853-4049-cc99-8cf45f5f6bed', NULL, 5, '值得推薦!!好用～', '2024-03-20 18:22:24'),
(49, 9, '281c43e3-e853-4049-cc99-8cf45f5f6bed', NULL, 4, '值得推薦!!好用～', '2024-03-20 18:22:24'),
(50, 10, '281c43e3-e853-4049-cc99-8cf45f5f6bed', NULL, 5, '值得推薦!!好用～', '2024-03-20 18:22:24'),
(51, 11, '281c43e3-e853-4049-cc99-8cf45f5f6bed', NULL, 5, '值得推薦!!好用～', '2024-03-20 18:26:22'),
(52, 12, '281c43e3-e853-4049-cc99-8cf45f5f6bed', NULL, 5, '值得推薦!!好用～', '2024-03-20 18:26:22'),
(53, 13, '281c43e3-e853-4049-cc99-8cf45f5f6bed', NULL, 5, '值得推薦!!好用～', '2024-03-20 18:26:22'),
(54, 14, '281c43e3-e853-4049-cc99-8cf45f5f6bed', NULL, 5, '值得推薦!!好用～', '2024-03-20 18:26:22'),
(55, 15, '281c43e3-e853-4049-cc99-8cf45f5f6bed', NULL, 5, '值得推薦!!好用～', '2024-03-20 18:26:22'),
(56, 16, '281c43e3-e853-4049-cc99-8cf45f5f6bed', NULL, 4, '值得推薦!!好用～', '2024-03-20 18:26:22'),
(57, 17, '281c43e3-e853-4049-cc99-8cf45f5f6bed', NULL, 5, '值得推薦!!好用～', '2024-03-20 18:26:22'),
(58, 18, '281c43e3-e853-4049-cc99-8cf45f5f6bed', NULL, 5, '值得推薦!!好用～', '2024-03-20 18:26:22'),
(59, 19, '281c43e3-e853-4049-cc99-8cf45f5f6bed', NULL, 5, '值得推薦!!好用～', '2024-03-20 18:26:22'),
(60, 20, '281c43e3-e853-4049-cc99-8cf45f5f6bed', NULL, 5, '值得推薦!!好用～', '2024-03-20 18:26:22'),
(61, 20, '281c43e3-e853-4049-cc99-8cf45f5f6bed', NULL, 5, '值得推薦!!好用～', '2024-03-20 18:26:22'),
(62, 21, '281c43e3-e853-4049-cc99-8cf45f5f6bed', NULL, 4, '值得推薦!!好用～', '2024-03-20 18:26:22'),
(63, 22, '281c43e3-e853-4049-cc99-8cf45f5f6bed', NULL, 5, '值得推薦!!好用～', '2024-03-20 18:26:22'),
(64, 23, '281c43e3-e853-4049-cc99-8cf45f5f6bed', NULL, 5, '值得推薦!!好用～', '2024-03-20 18:26:22'),
(65, 24, '281c43e3-e853-4049-cc99-8cf45f5f6bed', NULL, 5, '值得推薦!!好用～', '2024-03-20 18:26:22'),
(66, 25, '281c43e3-e853-4049-cc99-8cf45f5f6bed', NULL, 5, '值得推薦!!好用～', '2024-03-20 18:26:22'),
(67, 26, '281c43e3-e853-4049-cc99-8cf45f5f6bed', NULL, 5, '值得推薦!!好用～', '2024-03-20 18:26:22'),
(68, 27, '281c43e3-e853-4049-cc99-8cf45f5f6bed', NULL, 5, '值得推薦!!好用～', '2024-03-20 18:26:22'),
(69, 28, '281c43e3-e853-4049-cc99-8cf45f5f6bed', NULL, 5, '值得推薦!!好用～', '2024-03-20 18:26:22'),
(70, 29, '281c43e3-e853-4049-cc99-8cf45f5f6bed', NULL, 5, '值得推薦!!好用～', '2024-03-20 18:26:22'),
(71, 30, '281c43e3-e853-4049-cc99-8cf45f5f6bed', NULL, 5, '值得推薦!!好用～', '2024-03-20 18:26:22'),
(72, 31, '281c43e3-e853-4049-cc99-8cf45f5f6bed', NULL, 5, '值得推薦!!好用～', '2024-03-20 18:26:22'),
(73, 32, '281c43e3-e853-4049-cc99-8cf45f5f6bed', NULL, 5, '值得推薦!!好用～', '2024-03-20 18:26:22'),
(74, 33, '281c43e3-e853-4049-cc99-8cf45f5f6bed', NULL, 5, '值得推薦!!好用～', '2024-03-20 18:26:22'),
(75, 34, '281c43e3-e853-4049-cc99-8cf45f5f6bed', NULL, 5, '值得推薦!!好用～', '2024-03-20 18:26:22'),
(76, 35, '281c43e3-e853-4049-cc99-8cf45f5f6bed', NULL, 5, '值得推薦!!好用～', '2024-03-20 18:26:22'),
(77, 36, '281c43e3-e853-4049-cc99-8cf45f5f6bed', NULL, 5, '值得推薦!!好用～', '2024-03-20 18:26:22'),
(78, 37, '281c43e3-e853-4049-cc99-8cf45f5f6bed', NULL, 5, '值得推薦!!好用～', '2024-03-20 18:26:22'),
(79, 38, '281c43e3-e853-4049-cc99-8cf45f5f6bed', NULL, 5, '值得推薦!!好用～', '2024-03-20 18:26:22'),
(80, 39, '281c43e3-e853-4049-cc99-8cf45f5f6bed', NULL, 5, '值得推薦!!好用～', '2024-03-20 18:26:22'),
(81, 40, '281c43e3-e853-4049-cc99-8cf45f5f6bed', NULL, 5, '值得推薦!!好用～', '2024-03-20 18:26:22'),
(82, 41, '281c43e3-e853-4049-cc99-8cf45f5f6bed', NULL, 5, '值得推薦!!好用～', '2024-03-20 18:26:22'),
(83, 42, '281c43e3-e853-4049-cc99-8cf45f5f6bed', NULL, 5, '值得推薦!!好用～', '2024-03-20 18:26:22'),
(84, 43, '281c43e3-e853-4049-cc99-8cf45f5f6bed', NULL, 5, '值得推薦!!好用～', '2024-03-20 18:26:22'),
(85, 44, '281c43e3-e853-4049-cc99-8cf45f5f6bed', NULL, 5, '值得推薦!!好用～', '2024-03-20 18:26:22'),
(86, 45, '281c43e3-e853-4049-cc99-8cf45f5f6bed', NULL, 5, '值得推薦!!好用～', '2024-03-20 18:26:22'),
(87, 46, '281c43e3-e853-4049-cc99-8cf45f5f6bed', NULL, 5, '值得推薦!!好用～', '2024-03-20 18:26:22'),
(88, 47, '281c43e3-e853-4049-cc99-8cf45f5f6bed', NULL, 5, '值得推薦!!好用～', '2024-03-20 18:26:22'),
(89, 48, '281c43e3-e853-4049-cc99-8cf45f5f6bed', NULL, 5, '值得推薦!!好用～', '2024-03-20 18:26:22'),
(90, 49, '281c43e3-e853-4049-cc99-8cf45f5f6bed', NULL, 5, '值得推薦!!好用～', '2024-03-20 18:26:22'),
(91, 50, '281c43e3-e853-4049-cc99-8cf45f5f6bed', NULL, 5, '值得推薦!!好用～', '2024-03-20 18:26:22'),
(92, 51, '281c43e3-e853-4049-cc99-8cf45f5f6bed', NULL, 5, '值得推薦!!好用～', '2024-03-20 18:26:22'),
(93, 52, '281c43e3-e853-4049-cc99-8cf45f5f6bed', NULL, 5, '值得推薦!!好用～', '2024-03-20 18:26:22'),
(94, 53, '281c43e3-e853-4049-cc99-8cf45f5f6bed', NULL, 5, '值得推薦!!好用～', '2024-03-20 18:26:22'),
(95, 54, '281c43e3-e853-4049-cc99-8cf45f5f6bed', NULL, 5, '值得推薦!!好用～', '2024-03-20 18:26:22'),
(96, 55, '281c43e3-e853-4049-cc99-8cf45f5f6bed', NULL, 5, '值得推薦!!好用～', '2024-03-20 18:26:22'),
(97, 56, '281c43e3-e853-4049-cc99-8cf45f5f6bed', NULL, 5, '值得推薦!!好用～', '2024-03-20 18:26:22'),
(98, 57, '281c43e3-e853-4049-cc99-8cf45f5f6bed', NULL, 5, '值得推薦!!好用～', '2024-03-20 18:26:22'),
(99, 58, '281c43e3-e853-4049-cc99-8cf45f5f6bed', NULL, 5, '值得推薦!!好用～', '2024-03-20 18:26:22'),
(100, 59, '281c43e3-e853-4049-cc99-8cf45f5f6bed', NULL, 5, '值得推薦!!好用～', '2024-03-20 18:26:22'),
(101, 60, '281c43e3-e853-4049-cc99-8cf45f5f6bed', NULL, 5, '值得推薦!!好用～', '2024-03-20 18:26:22'),
(102, 61, '281c43e3-e853-4049-cc99-8cf45f5f6bed', NULL, 5, '值得推薦!!好用～', '2024-03-20 18:26:22'),
(103, 63, '281c43e3-e853-4049-cc99-8cf45f5f6bed', NULL, 5, '值得推薦!!好用～', '2024-03-20 18:26:22'),
(104, 64, '281c43e3-e853-4049-cc99-8cf45f5f6bed', NULL, 5, '值得推薦!!好用～', '2024-03-20 18:26:22'),
(105, 65, '281c43e3-e853-4049-cc99-8cf45f5f6bed', NULL, 5, '值得推薦!!好用～', '2024-03-20 18:26:22'),
(106, 66, '281c43e3-e853-4049-cc99-8cf45f5f6bed', NULL, 5, '值得推薦!!好用～', '2024-03-20 18:26:22'),
(107, 67, '281c43e3-e853-4049-cc99-8cf45f5f6bed', NULL, 5, '值得推薦!!好用～', '2024-03-20 18:26:22'),
(108, 68, '281c43e3-e853-4049-cc99-8cf45f5f6bed', NULL, 5, '值得推薦!!好用～', '2024-03-20 18:26:22'),
(109, 69, '281c43e3-e853-4049-cc99-8cf45f5f6bed', NULL, 5, '值得推薦!!好用～', '2024-03-20 18:26:22'),
(110, 70, '281c43e3-e853-4049-cc99-8cf45f5f6bed', NULL, 5, '值得推薦!!好用～', '2024-03-20 18:26:22'),
(111, 71, '281c43e3-e853-4049-cc99-8cf45f5f6bed', NULL, 5, '值得推薦!!好用～', '2024-03-20 18:26:22'),
(112, 72, '281c43e3-e853-4049-cc99-8cf45f5f6bed', NULL, 5, '值得推薦!!好用～', '2024-03-20 18:26:22'),
(113, 73, '281c43e3-e853-4049-cc99-8cf45f5f6bed', NULL, 5, '值得推薦!!好用～', '2024-03-20 18:26:22'),
(114, 74, '281c43e3-e853-4049-cc99-8cf45f5f6bed', NULL, 5, '值得推薦!!好用～', '2024-03-20 18:26:22'),
(115, 75, '281c43e3-e853-4049-cc99-8cf45f5f6bed', NULL, 5, '值得推薦!!好用～', '2024-03-20 18:26:22'),
(116, 1, '1b2b18f1-0a4c-d222-f6db-e182f5fb261f', NULL, 4, '有夠划啦', '2024-03-20 20:17:29'),
(117, 4, '1b2b18f1-0a4c-d222-f6db-e182f5fb261f', NULL, 4, '有夠划啦', '2024-03-20 20:22:07'),
(119, 5, '1b2b18f1-0a4c-d222-f6db-e182f5fb261f', NULL, 4, '有夠划啦', '2024-03-20 20:22:07'),
(120, 17, '1b2b18f1-0a4c-d222-f6db-e182f5fb261f', NULL, 4, '有夠划啦', '2024-03-20 20:32:24'),
(121, 18, '1b2b18f1-0a4c-d222-f6db-e182f5fb261f', NULL, 4, '有夠划啦', '2024-03-20 20:32:24'),
(122, 19, '1b2b18f1-0a4c-d222-f6db-e182f5fb261f', NULL, 4, '有夠划啦', '2024-03-20 20:32:24'),
(123, 21, '1b2b18f1-0a4c-d222-f6db-e182f5fb261f', NULL, 4, '有夠划啦', '2024-03-20 20:32:24'),
(124, 22, '1b2b18f1-0a4c-d222-f6db-e182f5fb261f', NULL, 4, '有夠划啦', '2024-03-20 20:32:24'),
(125, 24, '1b2b18f1-0a4c-d222-f6db-e182f5fb261f', NULL, 4, '有夠划啦', '2024-03-20 20:32:24'),
(126, 25, '1b2b18f1-0a4c-d222-f6db-e182f5fb261f', NULL, 4, '有夠划啦', '2024-03-20 20:32:24'),
(127, 26, '1b2b18f1-0a4c-d222-f6db-e182f5fb261f', NULL, 4, '有夠划啦', '2024-03-20 20:32:24'),
(128, 24, '1b2b18f1-0a4c-d222-f6db-e182f5fb261f', NULL, 4, '有夠划啦', '2024-03-20 20:32:24'),
(129, 24, '1b2b18f1-0a4c-d222-f6db-e182f5fb261f', NULL, 4, '有夠划啦', '2024-03-20 20:32:24'),
(130, 27, '1b2b18f1-0a4c-d222-f6db-e182f5fb261f', NULL, 4, '有夠划啦', '2024-03-20 20:32:24'),
(131, 34, '1b2b18f1-0a4c-d222-f6db-e182f5fb261f', NULL, 4, '有夠划啦', '2024-03-20 20:32:24'),
(132, 23, '1b2b18f1-0a4c-d222-f6db-e182f5fb261f', NULL, 4, '有夠划啦', '2024-03-20 20:32:24'),
(133, 32, '1b2b18f1-0a4c-d222-f6db-e182f5fb261f', NULL, 4, '有夠划啦', '2024-03-20 20:32:24'),
(134, 31, '1b2b18f1-0a4c-d222-f6db-e182f5fb261f', NULL, 4, '有夠划啦', '2024-03-20 20:32:24'),
(135, 41, '1b2b18f1-0a4c-d222-f6db-e182f5fb261f', NULL, 4, '有夠划啦', '2024-03-20 20:32:24'),
(136, 42, '1b2b18f1-0a4c-d222-f6db-e182f5fb261f', NULL, 4, '有夠划啦', '2024-03-20 20:32:24'),
(137, 43, '1b2b18f1-0a4c-d222-f6db-e182f5fb261f', NULL, 4, '有夠划啦', '2024-03-20 20:32:24'),
(138, 47, '1b2b18f1-0a4c-d222-f6db-e182f5fb261f', NULL, 4, '有夠划啦', '2024-03-20 20:32:24'),
(139, 48, '1b2b18f1-0a4c-d222-f6db-e182f5fb261f', NULL, 4, '有夠划啦', '2024-03-20 20:32:24'),
(140, 50, '1b2b18f1-0a4c-d222-f6db-e182f5fb261f', NULL, 4, '有夠划啦', '2024-03-20 20:32:24'),
(141, 56, '1b2b18f1-0a4c-d222-f6db-e182f5fb261f', NULL, 4, '有夠划啦', '2024-03-20 20:32:24'),
(142, 57, '1b2b18f1-0a4c-d222-f6db-e182f5fb261f', NULL, 4, '有夠划啦', '2024-03-20 20:32:24'),
(143, 60, '1b2b18f1-0a4c-d222-f6db-e182f5fb261f', NULL, 4, '有夠划啦', '2024-03-20 20:32:24'),
(144, 61, '1b2b18f1-0a4c-d222-f6db-e182f5fb261f', NULL, 4, '方便，值得推薦', '2024-03-20 20:32:24'),
(145, 66, '1b2b18f1-0a4c-d222-f6db-e182f5fb261f', NULL, 4, '有夠划啦', '2024-03-20 20:32:24'),
(146, 62, '1b2b18f1-0a4c-d222-f6db-e182f5fb261f', NULL, 5, '必備', '2024-03-20 20:32:24'),
(147, 69, '1b2b18f1-0a4c-d222-f6db-e182f5fb261f', NULL, 4, '有夠划啦', '2024-03-20 20:32:24'),
(148, 72, '1b2b18f1-0a4c-d222-f6db-e182f5fb261f', NULL, 5, '選擇很多', '2024-03-20 20:32:24'),
(149, 71, '1b2b18f1-0a4c-d222-f6db-e182f5fb261f', NULL, 4, '有夠划啦', '2024-03-20 20:32:24'),
(150, 74, '1b2b18f1-0a4c-d222-f6db-e182f5fb261f', NULL, 4, '方便給推', '2024-03-20 20:32:24'),
(151, 73, '1b2b18f1-0a4c-d222-f6db-e182f5fb261f', NULL, 5, '方便攜帶給推', '2024-03-20 20:32:24'),
(152, 75, '1b2b18f1-0a4c-d222-f6db-e182f5fb261f', NULL, 5, '容量夠大給推', '2024-03-20 20:32:24'),
(153, 3, '8fd4a4dc-2292-0150-6114-759bc3678014', NULL, 3, '可趁打折買！', '2024-03-20 20:39:41'),
(154, 5, '8fd4a4dc-2292-0150-6114-759bc3678014', NULL, 4, '可趁打折買！', '2024-03-20 20:39:41'),
(155, 7, '8fd4a4dc-2292-0150-6114-759bc3678014', NULL, 4, '可趁打折買！', '2024-03-20 20:39:41'),
(156, 9, '8fd4a4dc-2292-0150-6114-759bc3678014', NULL, 4, '可趁打折買！', '2024-03-20 20:39:41'),
(157, 11, '8fd4a4dc-2292-0150-6114-759bc3678014', NULL, 4, '可趁打折買！', '2024-03-20 20:39:41'),
(158, 12, '8fd4a4dc-2292-0150-6114-759bc3678014', NULL, 4, '可趁打折買！', '2024-03-20 20:39:41'),
(159, 32, '8fd4a4dc-2292-0150-6114-759bc3678014', NULL, 4, '可趁打折買！', '2024-03-20 20:39:41'),
(160, 33, '8fd4a4dc-2292-0150-6114-759bc3678014', NULL, 3, '可趁打折買！', '2024-03-20 20:39:41'),
(161, 44, '8fd4a4dc-2292-0150-6114-759bc3678014', NULL, 3, '可趁打折買！', '2024-03-20 20:39:41'),
(162, 46, '8fd4a4dc-2292-0150-6114-759bc3678014', NULL, 3, '可趁打折買！', '2024-03-20 20:39:41'),
(163, 69, '8fd4a4dc-2292-0150-6114-759bc3678014', NULL, 3, '可趁打折買！', '2024-03-20 20:39:41'),
(164, 72, '8fd4a4dc-2292-0150-6114-759bc3678014', NULL, 3, '可趁打折買！', '2024-03-20 20:39:41'),
(165, 73, '8fd4a4dc-2292-0150-6114-759bc3678014', NULL, 4, '可趁打折買！', '2024-03-20 20:39:41'),
(166, 74, '8fd4a4dc-2292-0150-6114-759bc3678014', NULL, 4, '可趁打折買！', '2024-03-20 20:39:41'),
(167, 75, '8fd4a4dc-2292-0150-6114-759bc3678014', NULL, 3, '可趁打折買！', '2024-03-20 20:39:41'),
(168, 55, '8fd4a4dc-2292-0150-6114-759bc3678014', NULL, 2, '有更好的選擇', '2024-03-20 20:45:21'),
(169, 53, '8fd4a4dc-2292-0150-6114-759bc3678014', NULL, 4, '舒適，但價格偏貴', '2024-03-20 20:45:21'),
(170, 51, '8fd4a4dc-2292-0150-6114-759bc3678014', NULL, 4, '價格偏貴', '2024-03-20 20:45:21'),
(171, 19, '8fd4a4dc-2292-0150-6114-759bc3678014', NULL, 2, '有黑色會更好！', '2024-03-20 20:45:21'),
(172, 51, '8fd4a4dc-2292-0150-6114-759bc3678014', NULL, 4, '價格偏貴', '2024-03-20 20:45:21'),
(173, 35, '8fd4a4dc-2292-0150-6114-759bc3678014', NULL, 3, '價格偏貴', '2024-03-20 20:45:21'),
(174, 37, '8fd4a4dc-2292-0150-6114-759bc3678014', NULL, 3, '價格偏貴', '2024-03-20 20:45:21'),
(175, 17, '8fd4a4dc-2292-0150-6114-759bc3678014', NULL, 3, '顏色選擇少', '2024-03-20 20:45:21'),
(176, 15, '8fd4a4dc-2292-0150-6114-759bc3678014', NULL, 3, '價格高，希望有促銷活動', '2024-03-20 20:45:21'),
(177, 1, '8fd4a4dc-2292-0150-6114-759bc3678014', NULL, 3, '顏色選擇多會更好', '2024-03-20 20:46:39'),
(178, 4, '8fd4a4dc-2292-0150-6114-759bc3678014', NULL, 4, '穿起來不錯', '2024-03-20 20:49:55'),
(179, 6, '8fd4a4dc-2292-0150-6114-759bc3678014', NULL, 4, '有更多顏色選擇會更好', '2024-03-20 20:49:55'),
(180, 2, '8fd4a4dc-2292-0150-6114-759bc3678014', NULL, 4, '有更好選擇', '2024-03-20 20:51:31'),
(181, 2, 'a692b33d-398e-1d9b-fd3e-656d2e5416dd', NULL, 3, '普通', '2024-03-20 21:06:23'),
(437, 1, 'a692b33d-398e-1d9b-fd3e-656d2e5416dd', NULL, 5, '實用👍👍', '2024-03-20 21:20:09'),
(438, 6, 'a692b33d-398e-1d9b-fd3e-656d2e5416dd', NULL, 5, '實用👍👍', '2024-03-20 21:20:09'),
(439, 5, 'a692b33d-398e-1d9b-fd3e-656d2e5416dd', NULL, 5, '好看👍👍', '2024-03-20 21:20:09'),
(440, 4, 'a692b33d-398e-1d9b-fd3e-656d2e5416dd', NULL, 5, '好看👍👍', '2024-03-20 21:20:09'),
(441, 8, 'a692b33d-398e-1d9b-fd3e-656d2e5416dd', NULL, 5, '好看、選擇多👍👍', '2024-03-20 21:20:09'),
(442, 10, 'a692b33d-398e-1d9b-fd3e-656d2e5416dd', NULL, 4, '好看👍👍', '2024-03-20 21:20:09'),
(443, 11, 'a692b33d-398e-1d9b-fd3e-656d2e5416dd', NULL, 4, '好看👍👍', '2024-03-20 21:20:09'),
(444, 73, 'a692b33d-398e-1d9b-fd3e-656d2e5416dd', NULL, 4, '實用👍👍', '2024-03-20 21:20:09'),
(445, 74, 'a692b33d-398e-1d9b-fd3e-656d2e5416dd', NULL, 4, '實用👍👍', '2024-03-20 21:20:09'),
(446, 75, 'a692b33d-398e-1d9b-fd3e-656d2e5416dd', NULL, 4, '實用👍👍', '2024-03-20 21:20:09');

-- --------------------------------------------------------

--
-- 資料表結構 `users`
--

CREATE TABLE `users` (
  `id` int(255) NOT NULL,
  `uid` varchar(255) NOT NULL,
  `email` varchar(255) NOT NULL,
  `password` varchar(255) DEFAULT NULL,
  `avatar` varchar(255) DEFAULT NULL,
  `name` varchar(255) NOT NULL,
  `birth` varchar(255) DEFAULT NULL,
  `tel` varchar(255) DEFAULT NULL,
  `address` varchar(255) DEFAULT NULL,
  `credit_card_num` varchar(255) DEFAULT NULL,
  `credit_card_date` int(255) DEFAULT NULL,
  `create_at` int(255) DEFAULT NULL,
  `valid` int(255) DEFAULT NULL
) ENGINE=InnoDB DEFAULT CHARSET=utf8mb4 COLLATE=utf8mb4_unicode_ci;

--
-- 傾印資料表的資料 `users`
--

INSERT INTO `users` (`id`, `uid`, `email`, `password`, `avatar`, `name`, `birth`, `tel`, `address`, `credit_card_num`, `credit_card_date`, `create_at`, `valid`) VALUES
(1, '2b91b33a-9aa9-789b-7f6c-ee1ed2f776ff', 'aaa@gmail.com', 'Aa123456', '1711053314462.png', '劉德華', NULL, NULL, NULL, NULL, NULL, NULL, NULL),
(2, 'db216ae0-08d2-00e9-416c-b98a460ccf75', 'jason_chen@gmail.com', 'Bb123456789', '1710928363600.png', '陳小明', NULL, NULL, NULL, NULL, NULL, NULL, NULL),
(3, '8fd4a4dc-2292-0150-6114-759bc3678014', 'san_chang@gmail.com', 'Aa123456789', '1710938070195.png', '張衫三', NULL, NULL, NULL, NULL, NULL, NULL, NULL),
(4, 'ccdb5283-0991-35f3-38eb-7aa6dc03acb1', 'bear_li@gmail.com', 'Ll123123123', NULL, '李大雄', NULL, NULL, NULL, NULL, NULL, NULL, NULL),
(5, '1b2b18f1-0a4c-d222-f6db-e182f5fb261f', 'wei_wang@gmail.com', 'Ww123123123', '1710930615315.png', '王立偉', NULL, NULL, NULL, NULL, NULL, NULL, NULL),
(6, '16eedcd8-6ab9-b86e-fbfc-30f90da7151c', 'jing_chen@gmail.com', 'Jj123123123', NULL, '陳安靜', NULL, NULL, NULL, NULL, NULL, NULL, NULL),
(7, 'a692b33d-398e-1d9b-fd3e-656d2e5416dd', 'joy_liu@gmail.com', 'Qq1111111111', NULL, '劉婷婷', NULL, NULL, NULL, NULL, NULL, NULL, NULL),
(8, '8f36a381-761-6d7a-0dbb-6c3fa78bad3b', 'ying_chang@gmail.com', 'Cc123456789', NULL, '張佳瑩', NULL, NULL, NULL, NULL, NULL, NULL, NULL),
(9, '073a4806-1522-6bcd-b890-6f1c50bfb8e1', 'j_gao@gmail.com', 'Ee123456789', NULL, '高興捷', NULL, NULL, NULL, NULL, NULL, NULL, NULL),
(10, '281c43e3-e853-4049-cc99-8cf45f5f6bed', 'jenny_lin@gmail.com', 'Oo123456789', '1710776672826.png', '林心如', NULL, NULL, NULL, NULL, NULL, NULL, NULL),
(11, '8a4d792f-8453-4d38-a01c-98c661412859', 'min_wang@gmail.com', 'Mm123456', NULL, '王大明', NULL, NULL, NULL, NULL, NULL, NULL, NULL),
(12, '231d0764-1249-4771-b836-391d04359020', 'diving@gmail.com', 'Aa111111', NULL, '郭雪芙', NULL, NULL, NULL, NULL, NULL, NULL, NULL);

--
-- 已傾印資料表的索引
--

--
-- 資料表索引 `collect`
--
ALTER TABLE `collect`
  ADD PRIMARY KEY (`id`);

--
-- 資料表索引 `coupon`
--
ALTER TABLE `coupon`
  ADD PRIMARY KEY (`id`);

--
-- 資料表索引 `coupon_has`
--
ALTER TABLE `coupon_has`
  ADD PRIMARY KEY (`id`);

--
-- 資料表索引 `event`
--
ALTER TABLE `event`
  ADD PRIMARY KEY (`id`);

--
-- 資料表索引 `lesson`
--
ALTER TABLE `lesson`
  ADD PRIMARY KEY (`id`);

--
-- 資料表索引 `map`
--
ALTER TABLE `map`
  ADD PRIMARY KEY (`id`);

--
-- 資料表索引 `map_about`
--
ALTER TABLE `map_about`
  ADD PRIMARY KEY (`id`);

--
-- 資料表索引 `order`
--
ALTER TABLE `order`
  ADD PRIMARY KEY (`id`);

--
-- 資料表索引 `order_detail`
--
ALTER TABLE `order_detail`
  ADD PRIMARY KEY (`id`);

--
-- 資料表索引 `order_time`
--
ALTER TABLE `order_time`
  ADD PRIMARY KEY (`id`);

--
-- 資料表索引 `post`
--
ALTER TABLE `post`
  ADD PRIMARY KEY (`id`);

--
-- 資料表索引 `product`
--
ALTER TABLE `product`
  ADD PRIMARY KEY (`id`);

--
-- 資料表索引 `star`
--
ALTER TABLE `star`
  ADD PRIMARY KEY (`id`);

--
-- 資料表索引 `users`
--
ALTER TABLE `users`
  ADD PRIMARY KEY (`id`);

--
-- 在傾印的資料表使用自動遞增(AUTO_INCREMENT)
--

--
-- 使用資料表自動遞增(AUTO_INCREMENT) `collect`
--
ALTER TABLE `collect`
  MODIFY `id` int(255) NOT NULL AUTO_INCREMENT, AUTO_INCREMENT=17;

--
-- 使用資料表自動遞增(AUTO_INCREMENT) `coupon`
--
ALTER TABLE `coupon`
  MODIFY `id` int(11) NOT NULL AUTO_INCREMENT, AUTO_INCREMENT=7;

--
-- 使用資料表自動遞增(AUTO_INCREMENT) `coupon_has`
--
ALTER TABLE `coupon_has`
  MODIFY `id` int(11) NOT NULL AUTO_INCREMENT, AUTO_INCREMENT=27;

--
-- 使用資料表自動遞增(AUTO_INCREMENT) `event`
--
ALTER TABLE `event`
  MODIFY `id` int(11) NOT NULL AUTO_INCREMENT, AUTO_INCREMENT=21;

--
-- 使用資料表自動遞增(AUTO_INCREMENT) `lesson`
--
ALTER TABLE `lesson`
  MODIFY `id` int(11) NOT NULL AUTO_INCREMENT, AUTO_INCREMENT=12;

--
-- 使用資料表自動遞增(AUTO_INCREMENT) `order_detail`
--
ALTER TABLE `order_detail`
  MODIFY `id` int(255) NOT NULL AUTO_INCREMENT, AUTO_INCREMENT=285;

--
-- 使用資料表自動遞增(AUTO_INCREMENT) `order_time`
--
ALTER TABLE `order_time`
  MODIFY `id` int(30) NOT NULL AUTO_INCREMENT, AUTO_INCREMENT=18;

--
-- 使用資料表自動遞增(AUTO_INCREMENT) `product`
--
ALTER TABLE `product`
  MODIFY `id` int(11) NOT NULL AUTO_INCREMENT COMMENT '流水碼（產品編號）', AUTO_INCREMENT=76;

--
-- 使用資料表自動遞增(AUTO_INCREMENT) `star`
--
ALTER TABLE `star`
  MODIFY `id` int(5) NOT NULL AUTO_INCREMENT, AUTO_INCREMENT=449;

--
-- 使用資料表自動遞增(AUTO_INCREMENT) `users`
--
ALTER TABLE `users`
  MODIFY `id` int(255) NOT NULL AUTO_INCREMENT, AUTO_INCREMENT=13;
COMMIT;

/*!40101 SET CHARACTER_SET_CLIENT=@OLD_CHARACTER_SET_CLIENT */;
/*!40101 SET CHARACTER_SET_RESULTS=@OLD_CHARACTER_SET_RESULTS */;
/*!40101 SET COLLATION_CONNECTION=@OLD_COLLATION_CONNECTION */;
